account	year	volume	netstock	cfc	current_cost_netstock
113FF	1997	172.424235151339	517.272705454017	0.0	444.69347916050566
113FF	1998	169.50147751186768	486.0997015625678	179.30680038982905	434.3401390556385
113FF	1999	184.45774867946287	477.78125827459763	178.02633401963655	441.22484735192353
113FF	2000	193.9828143931868	480.17318417738744	192.90483640300297	483.4662559826829
113FF	2001	166.57012637350613	458.9238947628468	199.6619390157787	487.86029018654114
113FF	2002	200.68510285016117	473.1868488836989	193.9430028857031	492.27669042578606
113FF	2003	216.26896241088824	495.68203459820614	204.22088495801202	522.4062073272487
113FF	2004	257.2573912401749	544.8358490989499	218.75443026716633	572.720842314026
113FF	2005	268.4621759484879	586.9423793563733	236.95666655500227	614.4309290255885
113FF	2006	534.737701503313	836.9096708236765	298.2279189060362	876.4598450046816
113FF	2007	324.22681180885826	828.128790389833	347.1061810649506	863.1891351406209
113FF	2008	306.20565172653886	807.2572366986711	346.0972866334786	854.2005820303178
113FF	2009	307.7759884250501	794.6514814866559	324.40425063247807	804.6286141001053
113FF	2010	323.52070699556344	799.3682434874069	318.3599718658404	798.2550263336235
113FF	2011	375.7312702143816	846.021554170256	324.76424202635724	834.9314830115093
113FF	2012	415.5894117359821	910.3388792268225	350.6100085363354	908.6230711749224
113FF	2013	388.4660294184387	930.6142773332474	361.033227593617	912.5236972844201
113FF	2014	413.30270143345035	964.8284360833736	370.33386099538944	942.5466604813241
113FF	2015	442.56503938054084	1012.0231568726998	388.88273188871864	995.4169837068945
113FF	2016	453.1101292794608	1052.2738789813507	407.1312771290603	1037.6743288351
113FF	2017	384.51084624494365	1021.9416245250202	414.8431007012741	1021.9416245250202
113FF	2018	372.69734929613566	991.8755407634599	409.62779438027815	1008.7802335433942
113FF	2019	348.1003277999165	951.3339670089038	411.0217121158503	1006.1162071047492
113FF	2020	383.0752159092848	953.4519912636733	389.7336007799503	975.4174113688784
113FF	2021	433.6775349207237	997.0326066097188	407.1211383705849	1040.5441043679764
113FF	2022	467.4393201068896	1054.2211711622206	436.3924723800014	1121.3975284387543
113FF	2023	603.1132313717835	1205.4084735846334	477.2987922799079	1273.0847508206773
211	1997	929.3901045546509	2788.1703136639526	0.0	2396.9584016365247
211	1998	920.1083138735853	2625.53713733729	967.4519196435955	2345.971745428112
211	1999	915.3822900255872	2513.176666579516	949.1072219560783	2320.886330042383
211	2000	1096.2804323126732	2589.0181379802384	1027.4372250423417	2606.773862195008
211	2001	1258.3708317680528	2774.6544517935367	1140.3733368317403	2949.6039353515926
211	2002	1168.8440400270133	2823.8063345515357	1164.8640505889762	2937.7275384043082
211	2003	1226.2737393085688	2904.4323391248317	1207.4141208713356	3061.02173735369
211	2004	1418.1727797932826	3118.098875910957	1266.1535235033266	3277.6848615661015
211	2005	1715.3696386498957	3508.2072828155515	1387.3278169413882	3672.5088114414566
211	2006	2122.006122681454	4107.143290778246	1595.0464467256834	4301.236199725942
211	2007	2336.2645196644653	4684.982626905885	1832.8713250895755	4883.329922588541
211	2008	2742.237544380535	5408.5197049210365	2136.091241951729	5723.034083608355
211	2009	2436.0410522243856	5635.714013467679	2236.579601915457	5706.472411826981
211	2010	2452.9697661309488	5801.284147420911	2284.214150981981	5793.205156193157
211	2011	2752.7862708476746	6161.511323987003	2361.196240136439	6080.743170159698
211	2012	3341.9276915064656	6892.613958913391	2605.9041696923437	6879.622750035893
211	2013	3638.908460593066	7627.499689769816	2847.570280063873	7479.225697987102
211	2014	3884.387533859194	8321.989404729207	3116.230227091751	8129.801142501428
211	2015	3858.881603479722	8763.727606052573	3361.071883749652	8619.924594020938
211	2016	3701.65784208076	8927.19993910235	3489.0957066538303	8803.341402099892
211	2017	3185.1953144180616	8605.796054749952	3506.59919877046	8605.796054749952
211	2018	3453.541791253664	8615.14886254469	3502.888844730426	8761.978216419693
211	2019	2991.8272281059876	8236.621931784783	3564.4348467651566	8710.924979813673
211	2020	2671.588831064256	7717.405313743402	3264.3145327362568	7895.19722292369
211	2021	1881.3939072536841	6712.765131873672	3011.98349636111	7005.716900001316
211	2022	2044.1542158828988	6178.6386011515315	2742.5721812023985	6572.349565707441
211	2023	2170.7316642083524	5928.035454274648	2557.277878972408	6260.858210759461
212	1997	245.04956575269284	735.1486972580785	0.0	631.9989986656457
212	1998	245.63833229318868	694.7977417497098	255.53734477280508	620.8161551982962
212	1999	237.0559777858098	660.745142654648	250.36528406752623	610.1896415090551
212	2000	207.6355615029401	613.5263963555489	256.60212205559617	617.734016739649
212	2001	194.9252360603345	571.4552942873114	251.93959959810124	607.487099454062
212	2002	185.18064635242007	535.2874014852244	230.2784334404546	556.8825740855096
212	2003	200.56835730217057	523.9985654086252	223.27924992825476	552.2493939525759
212	2004	203.83437051362648	519.1943523671055	219.31681902085558	545.7669999214208
212	2005	219.09639481415488	528.7098972565327	219.39624885569197	553.4712175879747
212	2006	263.6365006609769	572.1703487218359	230.58099658695446	599.2096311462861
212	2007	266.56086001724105	603.5809491622582	245.10577527036156	629.13465096349
212	2008	268.01511385181516	625.7332276513515	260.1601664487215	662.1206512082466
212	2009	255.77167330405817	630.2985461876162	254.36034009752652	638.2121691127423
212	2010	280.9251122179876	654.3032909734005	256.5625746846029	653.3920943462856
212	2011	296.477596640792	683.2668578495937	264.0073228592858	674.3102561689227
212	2012	298.7759798778536	704.4912217979406	277.02848623759013	703.1633957120324
212	2013	304.55394212521696	723.4557663029747	280.03771204584467	709.392222715836
212	2014	334.3666541953056	760.9427226980711	290.0235495361286	743.3694896142714
212	2015	360.9995199613326	808.1280817664914	308.6648199294377	794.8675997559473
212	2016	294.1625545501719	783.8875166361374	313.9855033114883	773.0116359963671
212	2017	311.44050514397594	782.1254320440717	313.2025897360418	782.1254320440717
212	2018	332.15198268086607	798.2102735967695	321.45392374253856	811.8142983906006
212	2019	315.7614246266317	795.2747029200394	337.04905243575456	841.070323835896
212	2020	293.6811829932137	774.9174544410378	321.27318071986707	792.7698346233833
212	2021	363.09467602070197	819.1905329779436	332.73529010752264	854.9408251980338
212	2022	410.74700741743976	888.4161948331623	363.28353413765814	945.0272413070029
212	2023	441.2396251098223	959.9771508136268	390.4338543205241	1013.8739677204553
213	1997	301.8275833247244	905.4827499741732	0.0	778.4332522482806
213	1998	314.9584709644983	866.1205591198641	316.5928409953121	773.8966365908128
213	1999	295.9287076587037	824.0209624621625	312.1647917108456	760.9727612383477
213	2000	243.54079187094135	752.2979682005596	317.42589413764335	757.4572967717843
213	2001	195.66734030937013	664.5880957248481	301.2449141115746	706.4921764476702
213	2002	245.56903769386275	647.6995952281178	273.0458984280015	673.8298282828783
213	2003	245.59193039031808	636.4596721440104	270.6786712638463	670.773722333934
213	2004	259.84597384670894	640.844759634931	268.53551258409055	673.6435407795464
213	2005	405.5045248468318	765.1502771289806	294.3685332763103	800.9849214433644
213	2006	578.4341876756878	992.1286744823938	368.0646768111697	1039.0140950405407
213	2007	629.2251809882446	1185.7734338117998	454.02151430925056	1235.9753177074158
213	2008	646.1882948875311	1329.0058682808092	532.2035767211448	1406.2897606837198
213	2009	521.7746035221874	1320.8160817890293	536.6182818429781	1337.399398517178
213	2010	574.1708295886202	1359.0197458498699	535.2207662963979	1357.1271461553786
213	2011	736.9126959679937	1520.107077206575	568.2771594419613	1500.180757868684
213	2012	948.6759859205026	1803.9680397381358	663.5619790598636	1800.567918136626
213	2013	972.3984412512116	2012.9773942014335	748.5492635450208	1973.8463282235573
213	2014	1128.5940827545369	2282.4799984297365	839.2515952575983	2229.7683398185645
213	2015	871.8378424649037	2248.184867673911	891.2643400650927	2211.2946572396922
213	2016	691.3608041221439	2074.9239152177274	852.6257458962756	2046.1358246312718
213	2017	926.326250611776	2155.221152321632	846.0290135078718	2155.221152321632
213	2018	1130.035907389705	2378.510691039176	922.2001914168231	2419.048027482474
213	2019	1006.3803755959126	2424.3241070227114	1015.8808784195347	2563.9279789612197
213	2020	656.0226029833296	2162.9015738345825	938.5810381614208	2212.7300310099868
213	2021	807.5479581578682	2114.8910143546123	892.8959449952464	2207.1869683886125
213	2022	857.8463520639142	2124.7993029563368	901.9697902550708	2260.194304518453
213	2023	971.3791882835789	2226.0155255405402	919.0172681186078	2350.992615995382
22	1997	1339.0212570242888	4017.0637710728665	0.0	3453.4241716854185
22	1998	1351.176791726254	3804.0231738204566	1397.6605952612222	3398.973397796629
22	1999	1472.6600750310831	3763.232178406207	1397.6525993157627	3475.296518459954
22	2000	1755.262498196573	3971.540200767949	1557.5636317317283	3998.777388286349
22	2001	1878.1173468128914	4212.791256189376	1740.0751475960342	4478.419163164175
22	2002	2000.456667112598	4475.574726720083	1807.7763832045478	4656.133447961839
22	2003	2023.6120154768448	4670.05983071076	1927.742354681562	4921.841168059494
22	2004	1919.2038673901939	4712.709776632335	1972.5969653586576	4953.908809998711
22	2005	1877.4059621465894	4706.311486210381	1972.0293468624557	4926.724394866518
22	2006	2046.5483121806662	4842.997917624143	2000.116985564119	5071.865402225877
22	2007	2169.3935353207553	5036.493224516726	2059.5514885069015	5249.722363312202
22	2008	2372.0347367077297	5334.357763600926	2194.7866299541283	5644.559502569965
22	2009	2491.2006995818997	5632.2390920522	2220.857277671085	5702.953861534452
22	2010	2486.780352136311	5827.1430214817265	2288.6847070376984	5819.028018638028
22	2011	2618.5281967343853	6066.868844933139	2347.619849076273	5987.341311775808
22	2012	2555.460478989858	6174.129629113642	2443.585324441498	6162.492620552494
22	2013	2762.427084596845	6418.108989906466	2469.490619603106	6293.344823621896
22	2014	2990.7508882343236	6771.031733466249	2576.9100657723475	6614.661332224868
22	2015	3135.059115750834	7126.570418769861	2733.9115950441537	7009.631333286776
22	2016	3443.358536297326	7620.512392761013	2908.495509466532	7514.783214226294
22	2017	3436.8705707444205	7944.400404127693	3112.982559377741	7944.400404127693
22	2018	3383.6893650199845	8116.008073601783	3266.8257153504956	8254.330491531457
22	2019	3328.6940605090367	8184.58376615872	3447.851165652528	8655.890214273875
22	2020	3449.901149992181	8331.306802432631	3379.2760144148515	8523.241640911749
22	2021	3554.7005472736637	8516.454991016475	3516.6029856497626	8888.121584258566
22	2022	3649.4906206778505	8718.87884457586	3666.718387706519	9274.457252917191
22	2023	3884.4394660519597	9049.618784760542	3753.2179128676567	9557.69925970252
23	1997	4481.379199088794	13444.137597266383	0.0	11557.772639856425
23	1998	4836.178540383534	12992.907181830535	4724.409280097086	11609.431344954039
23	1999	5249.821210516212	13036.789129983868	4807.61795607999	12039.30709758059
23	2000	5253.640640849191	13069.226620696907	5257.010640954054	13158.856577387149
23	2001	5154.841672587773	13008.519140954417	5544.403662513333	13828.741530842988
23	2002	5551.681199531489	13298.747093579186	5473.716772407269	13835.26026025664
23	2003	5938.445938386971	13814.536344375269	5715.013488633606	14559.332462995897
23	2004	6683.745237340754	14779.47859403414	6011.494415335909	15535.900296090967
23	2005	7521.348341836545	16120.776014219882	6469.484165343933	16875.76793124436
23	2006	8191.761777218374	17573.6521571619	7057.347841027047	18404.137247778788
23	2007	8454.736639582881	18761.38197109367	7574.668831332283	19555.679340707058
23	2008	7946.607906399464	19129.761236062	8018.915188351082	20242.18853555441
23	2009	7472.750056756348	18980.465871338292	7717.742918719441	19218.772386175606
23	2010	7267.55913995289	18709.943197519606	7527.584121312466	18683.88733417567
23	2011	7639.40589561417	18839.467044691544	7411.438780773119	18592.509944025944
23	2012	7975.052429151553	19205.521720753994	7594.656302987877	19169.323125306328
23	2013	8596.807469059811	19967.687371385837	7682.341108646992	19579.527576742305
23	2014	9449.696501659566	21186.538665640197	8040.761831887075	20697.25613345419
23	2015	10064.298210405746	22511.27428576492	8596.156099251632	22141.8893399426
23	2016	10489.694071674132	23748.927916905057	9123.674973078434	23419.428467219775
23	2017	10893.448185226303	24910.492098958628	9731.884003172736	24910.492098958628
23	2018	11436.646400661359	26137.53339985689	10383.60902517808	26582.999543532293
23	2019	11824.752452473862	27278.982643632815	11298.497558622932	28849.83349998609
23	2020	11506.096158715563	27774.40189468485	11264.3384932867	28414.262539350326
23	2021	13115.451962635363	29445.811231986037	11943.47206398698	30730.855814196144
23	2022	15537.139355602534	32578.156950992805	13195.243375292393	34654.07988881259
23	2023	16657.08702142124	35599.67715184624	14401.120092045254	37598.38022490279
311FT	1997	1157.8367218976032	3473.5101656928096	0.0	2986.137300876069
311FT	1998	1222.5806961796402	3334.490690611573	1216.6179197859663	2979.4364110580427
311FT	1999	1256.0298397421063	3269.685326859471	1219.7743233867743	3019.512348479863
311FT	2000	1346.892739677032	3302.200834303841	1323.391352028633	3324.847630962215
311FT	2001	1311.8656197469697	3294.688572658369	1402.5682328318164	3502.427617027884
311FT	2002	1243.8459485858316	3232.9973389271063	1358.206646814114	3363.426591244043
311FT	2003	1404.172745873572	3325.475514179381	1382.413196325465	3504.7650099529546
311FT	2004	1395.702141339304	3380.068793902341	1409.7475379602322	3553.0625415427235
311FT	2005	1400.0451685714831	3420.083503077797	1423.7254082524196	3580.2578891057924
311FT	2006	1404.2155852807332	3450.235323119143	1438.9984447461266	3613.284470180042
311FT	2007	1499.8525806535276	3550.034032624035	1459.327708698758	3700.3312068138584
311FT	2008	1540.9714002208077	3650.83218860003	1523.9217036806965	3863.134127048078
311FT	2009	1592.6476549085664	3761.0945048238254	1500.9972150266126	3808.3163870207104
311FT	2010	1618.4501724274576	3856.104813572099	1521.318289044688	3850.7347203012837
311FT	2011	1710.3315805800783	3996.012859531465	1549.8376421426005	3943.6311362230863
311FT	2012	1795.2330009729683	4160.036073831783	1628.1352800793593	4152.195231751372
311FT	2013	1937.9548768585023	4388.319779936608	1676.4361947544692	4303.013491184746
311FT	2014	2049.6570625517	4633.594072084155	1762.7123029026377	4526.585717558166
311FT	2015	2280.1953702160795	4989.22552323617	1892.9839680603757	4907.357887659391
311FT	2016	2237.8605386586264	5191.034131039636	2007.8031613488172	5119.012231968666
311FT	2017	2352.109403865791	5420.780590581251	2122.362944324177	5420.780590581251
311FT	2018	2412.814752407578	5624.532687393816	2246.7120621886224	5720.392493592793
311FT	2019	2476.044056608356	5813.0585054361745	2419.244191506323	6147.801485062193
311FT	2020	2660.3516338021554	6092.332031792579	2435.932868264944	6232.685855293813
311FT	2021	2731.550505761551	6337.846775996346	2594.528842675555	6614.4367329925
311FT	2022	3177.1965287505136	6872.894957956326	2810.5095087333652	7310.844849164418
311FT	2023	3290.0351301851624	7323.625913791854	2998.713653104434	7734.8024971461555
313TT	1997	370.4706787829977	1111.4120363489933	0.0	955.4683245679807
313TT	1998	373.73260373971004	1052.385194015754	386.6795173515906	940.3279410367287
313TT	1999	369.03869466982985	1009.1223749020276	380.75514543846367	931.9115350683281
313TT	2000	340.5903021911237	956.5735017606215	395.83535991031414	963.1337707055383
313TT	2001	300.0526052870006	887.7595055795816	392.12464045986343	943.7351485734356
313TT	2002	320.2455737535387	858.7109818476702	363.38571687071874	893.3540760346584
313TT	2003	315.03385649405936	835.0022016434963	357.00558774739284	880.020462359642
313TT	2004	299.98786875200955	806.6580250556722	345.1362568683789	847.9432187388047
313TT	2005	289.4548604778495	778.9844004353228	331.98071322271113	815.4669447804616
313TT	2006	268.2464869030634	742.8616727094347	318.7529120261428	777.967383125154
313TT	2007	291.9314971363363	738.5173627532367	308.8191844735964	769.7838440578929
313TT	2008	269.3219125448973	716.7798356229056	307.9850281587542	758.4617702290452
313TT	2009	243.71874509546538	680.952177994825	283.0562074575254	689.5017753234064
313TT	2010	239.3611334263339	653.4357298518283	266.5059221943384	652.5257414087142
313TT	2011	234.21035167397298	630.7991129628632	253.4800907993274	622.5302845681854
313TT	2012	236.59983848575186	617.699274046702	249.22904308449606	616.5350335509403
313TT	2013	258.33244783464005	627.0765558933348	244.115627772689	614.8865660044637
313TT	2014	289.79411357805566	659.546131910603	251.38187730286043	644.3145546054313
313TT	2015	297.78029440301	687.847666609577	265.05691330876164	676.5608522853761
313TT	2016	290.94271122008894	701.0173704231256	273.9191048894197	691.2912540029473
313TT	2017	286.8683895582735	706.4019049139785	281.4838550674208	706.4019049139785
313TT	2018	313.36555390642616	732.0725648646742	292.59812384376056	744.5493941573194
313TT	2019	306.64043814495676	743.5820750305802	312.1259412098848	786.4009937047107
313TT	2020	285.48883831895404	733.6287486195152	302.24849721927745	750.529928555514
313TT	2021	306.99699894542346	744.9166648675298	308.6141221149627	777.4255713752985
313TT	2022	318.15225937483007	761.737992724045	320.53213413866166	810.2769378240823
313TT	2023	300.9122292135981	758.5855194940284	321.13606667508935	801.1754340744835
315AL	1997	470.19686957502694	1410.590608725081	0.0	1212.6687506438593
315AL	1998	466.20622538234386	1328.898926968674	489.5581141275558	1187.3986815360547
315AL	1999	439.4243683364121	1252.1195915927929	476.70748156900584	1156.3163395357822
315AL	2000	378.13445870704965	1149.8584433177368	483.6902041834277	1157.744278146805
315AL	2001	313.99624099774	1028.2358297099415	463.08580408175857	1093.0688856846639
315AL	2002	291.2188305862167	928.1729119618084	407.06728124092797	965.618318263376
315AL	2003	292.1276735884813	862.2216692982735	377.38436236588257	908.7074388293967
315AL	2004	281.43339232766283	809.3422731385681	351.42309768251516	850.7648480892933
315AL	2005	269.34669623603435	764.0170956224075	329.4090502372659	799.7986691120848
315AL	2006	268.42465924495116	733.0319464523977	313.5591371742506	767.673129573033
315AL	2007	248.0201450666752	695.371418523828	297.7754860244304	724.811237482197
315AL	2008	251.12522005976143	672.85196239902	289.55756732795845	711.9794184217692
315AL	2009	245.79221368737524	653.3948196721594	268.5796566354421	661.5984245438373
315AL	2010	276.0120543629341	665.6065917505515	263.4329084217391	664.6796539072675
315AL	2011	266.85913205581124	666.1203378802104	262.8539981853024	657.388501308239
315AL	2012	299.14787575910765	693.3701217193967	271.3856179983322	692.0632566991928
315AL	2013	295.7226290258691	708.6822720011554	274.95946822793087	694.9059162293959
315AL	2014	302.4222999141337	724.4734312625484	280.01167286164844	707.7424210421531
315AL	2015	287.419042571298	722.4981563177806	284.6456789920993	710.6427660391001
315AL	2016	277.2909089330696	712.7411949894118	283.06528563212765	702.8524188586009
315AL	2017	264.92273652255574	695.9297437617379	281.7341877502299	695.9297437617379
315AL	2018	237.14850457524463	661.5769163205292	276.12857244981296	672.8522770498467
315AL	2019	249.7491141192816	649.1755393130875	277.2463372167153	686.5580900179827
315AL	2020	224.35791465517917	619.7486217547078	259.6314721146531	634.0262560364525
315AL	2021	194.0619458542503	574.8840360483472	249.3535237908232	599.972548981573
315AL	2022	305.1046503620168	637.5098993339122	257.92985377687745	678.1328672048469
315AL	2023	276.73960331079456	655.6229356482704	273.14685918967723	692.4321339636713
321	1997	367.62938779414776	1102.8881633824433	0.0	948.1404476368167
321	1998	388.0044403691364	1058.5958092292426	386.26612862046954	945.8772542059747
321	1999	407.70814986641193	1045.487331041505	388.6187439558994	965.4941043795309
321	2000	403.0678377699765	1032.8814188359838	418.52447873618604	1039.965014485769
321	2001	385.61285669123544	1009.9316598000188	434.3235960094114	1073.6105882506347
321	2002	353.3987883492011	967.7867634910135	411.50115744281953	1006.8303168043764
321	2003	362.6376354935551	947.3892052386383	403.6861311704951	998.466692408312
321	2004	377.276092717394	945.9895474235872	398.0565801011567	994.4058037236547
321	2005	407.59478541218715	970.3220194592141	401.2118183162831	1015.7655688861382
321	2006	410.4056597785972	988.8860627883071	410.3590320347394	1035.6182459520571
321	2007	419.86516905039986	1009.145016067538	416.52427471572	1051.8690133218927
321	2008	373.9284705004635	984.3704027954118	421.8883284448722	1041.613172078787
321	2009	307.12562467313825	912.1849557578897	384.0734574261274	923.6377630370803
321	2010	308.65157987241037	865.3329537322686	355.00850007707544	864.1278727252646
321	2011	328.21354252817656	850.3999212616596	338.6484390874033	839.2524562902336
321	2012	330.4302168222398	842.2917948596397	337.9002656594804	840.7042420519457
321	2013	339.8847833158373	844.7651826696242	330.85232156033305	828.3434572224929
321	2014	360.4150831175789	863.5226910443986	333.7673249030892	843.5804732266533
321	2015	366.1320211820907	880.7918116813413	343.1384487890439	866.3389987704173
321	2016	368.55741717446915	894.3257220996186	350.09780861475144	881.9175900651003
321	2017	386.4014247056254	918.2183353211003	362.50881148414373	918.2183353211003
321	2018	423.9538218490727	965.4404084216275	383.1524479303598	981.8945630317309
321	2019	442.243539435444	1012.1632218106217	418.2966513561333	1070.4482936742388
321	2020	435.69233378550064	1037.8524260283318	419.44869270880343	1061.762245037367
321	2021	503.42057107983993	1111.4187599187546	448.61350499455364	1159.922183538099
321	2022	548.9646150034819	1198.416352448738	491.4041677334858	1274.7810160130111
321	2023	617.6201871397037	1313.627724248912	530.6159824682279	1387.3798472838932
322	1997	575.1560379674434	1725.46811390233	0.0	1483.365371227677
322	1998	571.4156974522579	1626.4918238117684	599.0091089444034	1453.3040910257225
322	1999	583.2373222850185	1570.3589844453613	590.4501214526268	1450.2063260116472
322	2000	588.3665364572455	1537.2114366779456	625.7764849059083	1547.7537739173194
322	2001	546.7810405223487	1480.458491553921	641.5884392488086	1573.8054120539045
322	2002	542.9345470875801	1439.417783608931	607.5346483448974	1497.4884114524164
322	2003	549.0172847814661	1417.1262597238424	602.1103189468381	1493.5291234556703
322	2004	532.1612130381426	1388.2185173476807	589.7847677838322	1459.2682913324552
322	2005	544.21295444459	1378.9898069356123	579.3612597410968	1443.5726878699527
322	2006	544.415576830779	1373.0061853160573	576.4096329412773	1437.8908863464605
322	2007	539.7680504904125	1365.144165619382	570.8149893439489	1422.9400370304115
322	2008	549.809037382797	1368.270308231919	578.4734105432194	1447.8374928496091
322	2009	542.8857867615975	1364.5850277892773	553.4334617850297	1381.7178792364432
322	2010	575.524128686091	1389.3267924312609	550.0153328533509	1387.391986501521
322	2011	618.0385454110458	1441.2499827967122	558.6944335092959	1422.357361458673
322	2012	624.6696513783473	1481.3913646797644	583.4265497574597	1478.5992360675143
322	2013	675.489109218077	1550.501834134907	594.5910048751856	1520.3610140019416
322	2014	700.9249337709325	1617.7720008990486	619.0211256260201	1580.41112786587
322	2015	717.707761714803	1676.604468695035	648.0638839711457	1649.0932561811348
322	2016	688.8586443757345	1691.785182776469	664.3311291218957	1668.3128690509404
322	2017	681.4998760248398	1695.773351871679	677.5117069296296	1695.773351871679
322	2018	669.5604341751882	1688.4825963937765	688.3868722549743	1717.2596741452173
322	2019	686.6541798623952	1697.866880814514	716.2702500052892	1795.637962622943
322	2020	684.1489646822125	1702.0353911115199	695.6456965586523	1741.246513163026
322	2021	689.5830742969576	1709.3428226551446	712.0508325549199	1783.9402489609495
322	2022	746.7753706756085	1761.874690666437	738.4816102337894	1874.143659393568
322	2023	803.0862412160349	1843.8216614576538	761.6268082682642	1947.3409154442736
323	1997	875.8912610940112	2627.6737832820336	0.0	2258.9813544500093
323	1998	895.8887776900312	2498.356503596382	916.0428202071674	2232.333218256336
323	1999	906.2785917655306	2420.803162202197	908.5561373754348	2235.5805867500835
323	2000	841.827329144766	2315.39154908877	953.7351939365795	2331.270717021869
323	2001	840.3462766364974	2243.882929922928	969.3498184574415	2385.3658304336554
323	2002	757.8419196392932	2127.4568863146965	909.5386748556164	2213.285169461576
323	2003	766.9527203217416	2057.431857811249	882.102519078564	2168.356120763307
323	2004	842.5848985551356	2073.7753206701127	868.5289189199045	2179.912262360189
323	2005	864.2218786563683	2102.701779327049	874.4152049198888	2201.1786048784106
323	2006	908.0783744600329	2158.5331649347268	892.5219647899305	2260.539827809854
323	2007	905.4308152284459	2193.547789313523	907.2668499282828	2286.415641045206
323	2008	847.1809818020212	2168.3493443773664	923.1097352790732	2294.442450075658
323	2009	743.6890678411472	2065.3071194525337	857.3623059745365	2091.2377865416192
323	2010	719.1872567790369	1976.1941269508868	807.1745932263717	1973.4420371358974
323	2011	715.6846600979926	1913.8666347155852	767.8135822268765	1888.7787193277043
323	2012	714.0210971071317	1870.9286707329998	755.5323435435218	1867.4023416361904
323	2013	756.8981213165329	1878.0342149191106	735.2170618315769	1841.5263629261365
323	2014	768.9620347363634	1892.8245055597101	736.7548801861933	1849.11156208745
323	2015	731.9971023573016	1871.8805890042247	740.5860951555665	1841.1651127864961
323	2016	738.59905716487	1863.4196069735417	736.6951135594121	1837.5659879310801
323	2017	745.1292270530602	1863.2207605265783	745.328073500024	1863.2207605265783
323	2018	750.8718369103786	1867.8737044430345	758.936820409428	1899.708173413832
323	2019	742.7935601201904	1864.2437697288485	789.4060356930424	1971.5956076029543
323	2020	706.546271600842	1831.6177394866008	756.201192955474	1873.8141515646194
323	2021	812.3899692780997	1898.0701340561504	778.4910347404108	1980.9038085372986
323	2022	895.2048617403397	2011.3841408210503	831.7139669199471	2139.552179331593
323	2023	860.9279066227768	2058.3626827330145	859.6476189287042	2173.9270964746156
324	1997	382.90428665463725	1148.7128599639118	0.0	987.5354196495035
324	1998	380.07217950399234	1082.5353895626015	398.73329354112195	967.2677644603538
324	1999	392.82397488149417	1049.0435721096462	393.6971514449265	968.778247269739
324	2000	388.7899212736121	1023.3539824677744	417.32204947499724	1030.372238083766
324	2001	371.8514364392204	992.1121853445333	428.50935447507266	1054.6675476331543
324	2002	281.6173229724388	896.0892260400547	392.8754756589452	932.240275827325
324	2003	299.4943343188014	846.9714292923711	367.4071854678658	892.6349982601686
324	2004	278.98814491739483	797.1377402927433	345.65111308965635	837.9356806564423
324	2005	302.7123742576662	783.6854720765507	330.9717305015159	820.3881839302109
324	2006	342.94085805669226	808.2410297649442	333.43136152068683	846.4363985387066
324	2007	299.78791206307517	788.6506132291922	332.89979341993825	822.0395772509837
324	2008	408.3560376221347	866.0637735045738	350.18775378771403	916.4268163496515
324	2009	351.66522869029694	870.4302062449634	351.65925613202523	881.3587677600204
324	2010	374.0352417112453	891.9828389226801	351.99173428339526	890.7406447208726
324	2011	398.0023830431099	926.3238784843784	358.89428978518555	914.1811645336525
324	2012	507.8733093290033	1040.7770100970884	392.6786587895406	1038.8153520652202
324	2013	549.2160312305808	1151.5313660902098	429.9382448244252	1129.1462911301674
324	2014	546.1060975908679	1222.7759920525298	463.895007170019	1194.5371681875442
324	2015	543.9386695127356	1268.466219295633	490.07274010735176	1247.6521010123224
324	2016	537.1212239401483	1293.2451661472126	505.2338931252231	1275.3023111246778
324	2017	522.7919236205985	1297.8233804486406	518.2137093191706	1297.8233804486406
324	2018	536.4565870142329	1312.2627428109545	530.9140473337064	1334.6278456914008
324	2019	590.0824850030506	1366.5772327098452	566.6200112849203	1445.2711137947472
324	2020	549.1855558140628	1368.7061183182827	559.6596430794827	1400.2380729052982
324	2021	518.7416217561573	1344.7554303423196	566.3759436090776	1403.4418990744791
324	2022	577.8801140746624	1378.0703819570986	579.2655696556803	1465.8828361772144
324	2023	610.3590542515965	1427.3461331810631	592.5846820210057	1507.4828459533703
325	1997	2198.2516216719573	6594.754865015872	0.0	5669.435974899467
325	1998	2252.207815777669	6273.343089825306	2299.5823437541835	5605.361824374083
325	1999	2342.669346579895	6134.4531820334505	2291.6880564947505	5665.088619433897
325	2000	2518.2977683114023	6188.216928281803	2481.4360227758793	6230.656288419101
325	2001	2562.1705590101797	6260.620084696352	2646.753985549132	6655.369149706166
325	2002	2660.1587303085794	6390.5456650547185	2632.3106908012223	6648.36031988117
325	2003	2803.9817134417162	6597.015204571244	2737.5542960045927	6952.686303214123
325	2004	2948.761737576191	6855.311584360989	2828.164828868143	7206.170136222582
325	2005	3195.1193995669432	7232.807222546447	2949.5828657808465	7571.544699303275
325	2006	3288.840016663182	7562.5714955836165	3098.913966501385	7919.958953673645
325	2007	3533.066013769345	7985.9360085302	3241.3563931005274	8324.035194147207
325	2008	3493.2506475072437	8234.99954527617	3432.8419644281857	8713.878408029745
325	2009	3529.4207841706952	8431.183683659694	3375.0866200486075	8537.04020020812
325	2010	3808.95245366274	8794.916167158746	3440.422083832088	8782.668180547902
325	2011	3789.4972054905384	9021.19178268128	3516.5131097970902	8902.937515619778
325	2012	4032.170257789128	9374.269736611794	3672.157945299738	9356.601099292444
325	2013	4261.497755723455	9800.761287510742	3760.455998121324	9610.240401543644
325	2014	4541.858990432571	10318.723350367638	3930.968936408685	10080.422457075298
325	2015	4581.100190588428	10696.732392402118	4134.123102743384	10521.210924133135
325	2016	4470.925743448192	10856.926381141573	4250.923423743771	10706.294265015047
325	2017	4627.621372924753	11094.30206486501	4390.245689201316	11094.30206486501
325	2018	4668.261911575177	11286.419636222656	4552.431980954975	11478.775883246255
325	2019	4647.294738114142	11397.02537257689	4797.932681427941	12053.319168437021
325	2020	5054.33058114808	11809.959066007994	4748.324382176947	12082.034340575648
325	2021	5186.984349256749	12195.793001719288	5010.677408019987	12728.029576868938
325	2022	5923.445302861475	13066.73308686409	5374.457484405369	13899.362476494529
325	2023	6225.468409772306	13899.04573271965	5695.948313209684	14679.391725747833
326	1997	631.199224471957	1893.597673415871	0.0	1627.9044470023725
326	1998	660.549071771851	1812.8560087537899	662.3586077267493	1619.8243454972005
326	1999	693.2871004291565	1786.309922860157	664.7566899151594	1649.634240328894
326	2000	664.460169905688	1744.5900901615114	711.0230499311513	1756.5546492560618
326	2001	646.4133248047117	1701.7378307782674	732.7256474437883	1809.0370133678034
326	2002	682.1513225224294	1702.9513226208696	708.4089983979426	1771.6537199495629
326	2003	691.2262683257353	1711.3227720186926	719.6702143954539	1803.5869296084318
326	2004	685.9651526193065	1712.5194751952172	719.8152687704547	1800.1671474720677
326	2005	689.8973407186962	1716.5941007290585	717.9421743237707	1796.9881630073971
326	2006	737.636154091065	1759.0928622285933	727.9877776631553	1842.2230153707253
326	2007	761.731862244248	1807.505126689269	743.5192856896197	1884.0291572699603
326	2008	754.3770027456497	1833.6509200808878	770.5790603089428	1940.2807580629776
326	2009	669.076864495006	1779.9980004664303	731.8039141749605	1802.3465098646684
326	2010	724.5454846492012	1790.4532375186213	713.0957903872688	1787.9598144019396
326	2011	793.3236318723848	1854.7385182394016	719.4817539799684	1830.4256835997253
326	2012	838.4080957315309	1935.1657586025437	756.5522119428421	1931.518355348503
326	2013	901.8354842180071	2041.640075916702	779.8998257144207	2001.9518247004155
326	2014	990.9733120835532	2186.9044773474293	826.1780847908574	2136.400042563998
326	2015	1038.6740111245958	2323.4979941687825	887.2783578144038	2285.37197918628
326	2016	1122.6214800463067	2484.5165628177774	948.2613563077604	2450.0456661504927
326	2017	1171.2115749918496	2632.354021038393	1023.374116771234	2632.354021038393
326	2018	1247.5934149931238	2794.5638598531987	1103.8819412953349	2842.19205670173
326	2019	1184.8668036570318	2850.4315762829924	1194.0121123155077	3014.572700645109
326	2020	1219.4101290914273	2916.462825098184	1179.950172672574	2983.6516628807663
326	2021	1285.9093214512761	3015.899651274853	1238.2513387909898	3147.5165212203547
326	2022	1430.8128895081247	3202.943842106673	1323.0232732923107	3407.0396293662166
326	2023	1510.2717666799358	3393.855700304395	1393.4338584313423	3584.399838914851
327	1997	438.6171447515818	1315.8514342547455	0.0	1131.2225566657146
327	1998	452.22024313834436	1254.0844921184507	459.25818264726547	1120.5504363473412
327	1999	472.095387868141	1229.4691513024181	458.7059698264215	1135.3989492311364
327	2000	486.76375374256753	1225.2825623204185	494.3173252731579	1233.6856626859878
327	2001	448.84622631398594	1190.8935634752675	513.704515857301	1265.9826304284284
327	2002	465.02322790319687	1181.4483989028427	493.6099355055185	1229.1117326967014
327	2003	472.80600025609067	1181.6372661486373	498.0977859605486	1245.3439898131871
327	2004	475.36987810211434	1183.8997425175203	497.32129424627254	1244.492371181784
327	2005	486.5299996114487	1194.7081613545542	498.0012742533129	1250.660492943941
327	2006	510.20842699383167	1221.6457967312294	506.1089122069684	1279.377599496348
327	2007	521.5959557615673	1249.093827622126	515.0685797312473	1301.9764960315863
327	2008	512.2064325005261	1259.5679121651892	530.9089149840363	1332.813872413549
327	2009	441.14066748367804	1207.3291643465245	499.57396973268044	1222.487612372362
327	2010	476.52910628629627	1201.9936981362632	481.1935176826167	1200.3197762430602
327	2011	488.8738059033697	1208.7239703436505	475.8233565432124	1192.8794155845926
327	2012	507.6096290406448	1228.8240044296379	486.5907361565887	1226.507915147634
327	2013	499.8666916034915	1235.771579289335	483.3370665257344	1211.7489254125194
327	2014	542.3889268808161	1275.8384919269035	490.72137522521365	1246.3742411664543
327	2015	577.7516295637312	1332.018685921045	513.0130290562732	1310.1617424229864
327	2016	612.1635316795323	1398.148733680307	538.4576584728658	1378.750416419935
327	2017	619.3288017388148	1448.2064905692173	569.2710448499048	1448.2064905692173
327	2018	628.4799489509861	1489.2042845053	597.4947069290039	1514.5850302556657
327	2019	648.7164035183378	1533.399859268815	639.331953272861	1621.7001640687313
327	2020	636.4313498892391	1552.6260310869093	631.4242170491559	1588.3950927193684
327	2021	650.5337822657361	1577.1955059460531	653.2820143480794	1646.0258914984977
327	2022	753.2224146220809	1679.149016149103	692.768614160316	1786.146596272653
327	2023	812.3210862656626	1796.3669159874544	734.1289581745592	1897.2218776773254
331	1997	585.7924255601506	1757.3772766804518	0.0	1510.7973166276327
331	1998	592.458163966662	1665.2999877591865	611.6465878092862	1487.9799883184633
331	1999	597.0408495275958	1607.7340331124542	604.5209648666219	1484.7217027814722
331	2000	562.3274556246567	1540.4289017621836	633.9506650937932	1550.993304672658
331	2001	481.8872041563289	1428.5252713050634	631.2309561356012	1518.5976615095099
331	2002	427.46656686849866	1308.5723199271247	569.5041384868844	1361.3642313944488
331	2003	435.37667169405836	1235.1954396964652	536.1824616877494	1301.7896956519612
331	2004	477.46902767769393	1221.3544828623885	516.4554950490586	1283.8640653800308
331	2005	505.2540500004191	1235.2813635752752	514.3377266638896	1293.1338791072603
331	2006	540.1960655484356	1273.6842970072134	525.5065703403712	1333.8753039395008
331	2007	524.3001017147917	1286.0396161004687	533.6188999573544	1340.4864519391651
331	2008	520.4448132004828	1291.0637550673816	545.3932401043523	1366.1412507454088
331	2009	433.76286732155694	1222.1782261462185	508.95932603280744	1237.5231094360836
331	2010	488.6970814761885	1222.033051994303	488.1614835447835	1220.3312228723012
331	2011	591.0457673235429	1307.2268407658212	499.22101931666964	1290.091061407416
331	2012	620.7412874231177	1388.768966696479	538.18287812373	1386.1514129155062
331	2013	620.4434770468475	1442.8822086700256	555.3211170088076	1414.833449121899
331	2014	639.9696045497643	1495.2294762381543	574.0517698614052	1460.6986037875527
331	2015	700.1978339724564	1580.3178458024834	605.0162029916082	1554.386589559787
331	2016	659.198522514169	1602.8773326301298	627.8061227802707	1580.6385519633743
331	2017	684.2941197412922	1638.8299882044967	648.3414641669252	1638.8299882044967
331	2018	742.7808214769665	1711.5373433671368	681.4936350981143	1740.707346842307
331	2019	707.0022371489714	1730.1934265355676	727.9843310919662	1829.8260213883884
331	2020	665.1961546566215	1707.7924132375633	703.4378823226932	1747.136164315714
331	2021	788.8305561698118	1795.8870722998854	731.3167108281169	1874.2613760111465
331	2022	852.8236563461861	1907.944428488412	787.968901470387	2029.5211527071172
331	2023	959.3075178335628	2071.385883853577	840.5490504070821	2187.681470296259
332	1997	1423.0606578126258	4269.181973437878	0.0	3670.1673313133447
332	1998	1469.570293957639	4070.763227256618	1490.3827122468626	3637.3111534643485
332	1999	1497.2982131254314	3961.590662442272	1483.5551028760187	3658.4780274120494
332	2000	1492.991930802045	3885.220383963219	1580.1250394723204	3911.8655822487235
332	2001	1429.8919986935616	3781.723588220114	1630.073113994728	4020.171510371559
332	2002	1487.410558213426	3760.657857324598	1569.3329536528106	3912.3745898578313
332	2003	1578.0324902013317	3822.1323133841756	1598.3216568457196	4028.1985352897764
332	2004	1629.2657260155825	3905.8096472691022	1624.69244135785	4105.711095923039
332	2005	1746.3060097644975	4059.128106316483	1667.5926890585447	4249.231170073003
332	2006	1849.8193338959177	4247.6015157909205	1739.8568115296493	4448.332115110791
332	2007	1961.2266001760263	4466.089844007302	1816.5202794618046	4655.16991396258
332	2008	2000.9705173794525	4644.868660487746	1928.1551663063722	4914.9754661462875
332	2009	1807.4769458955996	4602.809895238164	1872.7572912885717	4660.599814201601
332	2010	1850.8956160547068	4610.952943537699	1840.1863114830269	4604.531632766532
332	2011	2075.1119131264422	4803.228556630502	1858.1551457004934	4740.2654486314395
332	2012	2197.3718329572553	5033.295565218047	1963.5968453574737	5023.808802370206
332	2013	2259.8177842457753	5238.711863683511	2014.4651604560977	5136.874465922666
332	2014	2396.7133222655743	5489.735677676987	2096.1368931677293	5362.955564332573
332	2015	2546.260354844542	5781.70741415511	2217.298252179565	5686.836033138324
332	2016	2370.1563211075613	5829.6018770263745	2290.042129960929	5748.720305568273
332	2017	2480.656360903439	5953.614885437116	2356.643352492698	5953.614885437116
332	2018	2673.7609550542616	6197.210719503296	2471.582812106057	6302.830768592401
332	2019	2637.0718502397785	6329.033688202013	2649.512778855627	6693.48892170103
332	2020	2490.0267661423018	6294.378097253261	2582.845441455906	6439.386614172845
332	2021	2680.3216978224264	6429.85347968753	2655.9059477542905	6710.458701033981
332	2022	3015.8072585981054	6799.741701956775	2814.520471560196	7233.030171638347
332	2023	3288.687988647985	7273.734458511171	2972.7230699896218	7682.109943289117
333	1997	1630.562021377087	4891.686064131261	0.0	4205.327039071588
333	1998	1665.4698176185138	4649.01555743627	1704.9628525503704	4153.991572506222
333	1999	1682.2730472306157	4501.237910983027	1690.0282796418624	4156.83532112664
333	2000	1709.0451818786266	4425.029592220873	1797.4969331396958	4455.376851642919
333	2001	1589.4930681608914	4274.597284947992	1849.6323862166582	4544.122229553946
333	2002	1585.1737890969036	4170.709680879415	1757.2034271768937	4338.969190022294
333	2003	1604.1631116969415	4117.275713667062	1746.9646725680723	4339.254279895148
333	2004	1658.2883931285235	4126.757470051811	1733.1934515148826	4337.967147687689
333	2005	1733.4686009155369	4195.728814130822	1742.451443019158	4392.22936335384
333	2006	1840.0033108166638	4330.488635101102	1785.8288617158162	4535.136264084225
333	2007	1982.9195328868482	4539.425367473108	1849.0876021951944	4731.610230746802
333	2008	1974.4060567776683	4671.621958963463	1949.336996848225	4943.284513238446
333	2009	1828.861349354639	4638.465763771175	1885.3958385579804	4696.70335487402
333	2010	1976.0811818241505	4739.0448273675765	1872.8902542376827	4732.445133124836
333	2011	2357.2654742067534	5123.751113417346	1946.7019015977128	5056.586436385877
333	2012	2533.5998117678796	5527.167252084797	2126.1686997957217	5516.74963915874
333	2013	2636.777632291259	5882.092861632582	2237.4941962169896	5767.7485254668745
333	2014	2853.5451150392196	6299.349503621072	2380.0247571109926	6153.872145337202
333	2015	3394.5219550412075	7028.334631615055	2621.798335660762	6913.007486018417
333	2016	2818.8521286561595	7034.599861623503	2773.564259876857	6936.999801895705
333	2017	3088.9887602490194	7263.890541289852	2859.6980805826706	7263.890541289852
333	2018	3334.664419054527	7621.480710072008	3027.8130007663813	7751.374819400276
333	2019	3457.558619367688	7962.28598952108	3296.230511667024	8420.79149643698
333	2020	3272.0543853531804	8034.902647475038	3273.145679584235	8220.008991342756
333	2021	3456.3900598879504	8236.926814889985	3396.3896671180382	8596.394519622045
333	2022	3734.7470714572805	8603.573769474391	3582.719878819746	9151.804787028384
333	2023	4117.618638213408	9167.064711494102	3753.6701223263276	9681.739053388275
334	1997	5073.702014560888	15221.106043682663	0.0	13085.412262947924
334	1998	5398.389687474714	14646.062102017373	5337.386517169769	13086.559464157468
334	1999	5835.938790093596	14627.323726422914	5406.7190664913705	13508.14534179324
334	2000	6410.110540027389	15093.307934304767	5984.891696552623	15196.819226573725
334	2001	6028.43874510308	15085.904243789078	6416.41866062103	16037.111394917809
334	2002	4834.21551166181	14085.782422244227	6069.712799487578	14654.047062462598
334	2003	5434.852555438997	13919.565411028649	5903.045309406663	14670.024060713351
334	2004	6112.3051321102	14373.297884110934	5948.18146590977	15108.931037912293
334	2005	6606.742106206006	15087.817011245628	6168.176240786549	15794.431871410356
334	2006	6956.691618412042	15855.787689507122	6481.183794474712	16605.09097367142
334	2007	7202.9412719998	16572.976186337917	6760.338963820608	17274.623400373406
334	2008	7090.113696324409	16957.078871162284	7095.976658631401	17943.161092636474
334	2009	7065.486940512862	17192.625031202242	6915.693121588913	17408.484566993586
334	2010	7688.374736730193	17868.728968076655	7002.505362956113	17843.844597493222
334	2011	8354.278491563786	18874.384721687595	7252.293337500861	18626.969902751487
334	2012	8522.57085907345	19685.065530352942	7697.354668754302	19647.963090031106
334	2013	8293.392482790656	20034.537422560847	7789.495567406368	19645.078103257627
334	2014	9183.5232522115	21009.29432521682	8019.19286381444	20524.105078917033
334	2015	9844.060791736058	22209.5802099246	8501.94018522615	21845.145727965166
334	2016	10375.019187208696	23452.236129290315	9005.658235868112	23126.853066714688
334	2017	10689.533857049357	24542.76896706801	9599.001019271664	24542.76896706801
334	2018	11369.531771630462	25836.455787737395	10247.569180861079	26276.79061772814
334	2019	11632.638784946475	26918.169512613662	11158.49645972426	28468.243068609027
334	2020	12925.778373745099	28716.928319863357	11383.361429049988	29378.50268381308
334	2021	13085.197090822981	30048.94978892806	12266.095932817605	31360.31593955461
334	2022	13280.926254005062	31100.071737622926	13009.10349404674	33081.80914484002
334	2023	15172.511903763927	33377.14107821856	13619.442406467213	35251.06241066013
335	1997	533.2298349575647	1599.689504872694	0.0	1375.2349273368386
335	1998	547.264973726533	1522.5138146872403	557.950650707441	1360.3975889301578
335	1999	571.7144169046944	1491.437890545406	556.6691275709453	1377.3237107859968
335	2000	615.3179523124218	1507.0568872906222	603.8117460922049	1517.3924218603322
335	2001	581.1435514603678	1488.9908844107213	636.9913408279949	1582.875795406367
335	2002	559.6424916883647	1459.029332680785	613.3905197077039	1517.8911519216217
335	2003	564.3674582377184	1442.9924369852888	611.696240918331	1520.7898483115948
335	2004	616.6080831308715	1475.8350272659188	613.6429262721531	1551.369061580918
335	2005	662.7710072512967	1536.1991908866935	630.619647859059	1608.1447331506602
335	2006	691.878492956219	1600.6982047213116	657.0278014458333	1676.3430383455225
335	2007	736.5703689539897	1680.940777275866	684.1146323098944	1752.1064749799714
335	2008	726.4308192807008	1725.986200917828	721.0090849378533	1826.3551571611854
335	2009	740.7547647984729	1767.953104610613	707.5613917934771	1790.1503860478288
335	2010	782.8062047412766	1830.973907024806	718.7830139241901	1828.4240539651732
335	2011	878.4686572036089	1952.7064856862116	746.81640578912	1927.1094382213332
335	2012	912.5926019484513	2062.2981587478507	801.4874315608084	2058.4111361599507
335	2013	994.0013678622781	2203.199912383799	836.5158724584625	2160.3710354265677
335	2014	1020.941093842319	2319.5841864577988	883.6669586037801	2266.0156426630874
335	2015	1024.8098065381018	2400.3976297536174	928.5064340154328	2361.009777375165
335	2016	1072.5514748398102	2494.0579822022537	965.3097056948817	2459.454705140898
335	2017	1163.407559576428	2632.211621115193	1025.2539206634892	2632.211621115193
335	2018	1188.8184735827856	2745.4898087291167	1093.8708903234683	2792.2816287101627
335	2019	1203.0019371549429	2832.8281534485304	1179.9086976315098	2995.9555907463046
335	2020	1178.139843473365	2870.335305193492	1166.910340198506	2936.4614671807517
335	2021	1416.784045828812	3094.2102416530047	1244.9688531470122	3229.2446638982983
335	2022	1403.6457500429146	3232.511619471099	1345.9737770893773	3438.4915043284136
335	2023	1525.92234624343	3426.609701516925	1406.5980111130307	3618.9927759862408
3361MV	1997	1033.537136358384	3100.611409075152	0.0	2665.5604683726306
3361MV	1998	1149.3760310705197	3024.8876319422016	1094.652021677165	2702.799673528186
3361MV	1999	1236.6598305768096	3047.1416134421424	1121.4881833524462	2813.996091236351
3361MV	2000	1296.0311204552518	3111.4536760074716	1240.1663003333574	3132.7923111324144
3361MV	2001	1116.6526559150486	3004.8463306008553	1300.3898599064403	3194.3100360255535
3361MV	2002	918.0139597584354	2768.242520199267	1201.1986722413717	2879.922105516019
3361MV	2003	1014.9543386262402	2691.290295654712	1150.775550871358	2836.3883660000934
3361MV	2004	947.3043775340448	2583.613845048179	1108.9753170924103	2715.844597959706
3361MV	2005	962.0772843247598	2524.1403003027526	1069.393601533331	2642.3545551552065
3361MV	2006	977.250692002205	2497.1357768703397	1051.713704776164	2615.1439184558476
3361MV	2007	1039.6895567516326	2531.1651485399207	1048.2366456522975	2638.326647764231
3361MV	2008	908.1299389630965	2444.218381495861	1052.9420645545804	2586.3537286099413
3361MV	2009	605.8731630681499	2134.3732235540324	927.215490949421	2161.1710401995824
3361MV	2010	824.633894795653	2110.110394699066	847.7145320858965	2107.171810252044
3361MV	2011	973.6434466619211	2218.109802017645	854.2967468930004	2189.033715928544
3361MV	2012	1090.4828218148205	2387.4755528574474	919.3809481715367	2382.9756354412134
3361MV	2013	1199.9811723168552	2591.6346788356777	976.4638666045901	2541.254864387586
3361MV	2014	1346.4077816666208	2849.7629372793026	1063.146764670402	2783.9504301922834
3361MV	2015	1394.5742920125572	3061.9872015299998	1162.9489802954358	3011.74340092645
3361MV	2016	1613.9704429595663	3386.300170152972	1271.7643959810894	3339.3176686085408
3361MV	2017	1669.8623560310912	3649.085410127891	1407.0771160561726	3649.085410127891
3361MV	2018	1620.0649389518612	3782.7777225451455	1511.7051118872869	3847.2482056111808
3361MV	2019	1375.8777604886036	3668.416615437267	1576.0537614991063	3879.6611276355707
3361MV	2020	1306.6771169584524	3534.508674423555	1473.772943975424	3615.935918386104
3361MV	2021	1405.8258308911675	3527.86064202501	1474.1156320028854	3681.8200004244127
3361MV	2022	1748.0093936922433	3808.5815894268762	1560.7859927180093	4051.269409181162
3361MV	2023	2482.5735803258053	4607.865709889422	1777.7958173766142	4866.569049116481
3364OT	1997	994.6359317618468	2983.9077952855405	0.0	2565.2316949818996
3364OT	1998	1053.5685018794431	2867.2456150898965	1045.6253224303732	2561.943270406473
3364OT	1999	1070.7959236687434	2803.8270131172176	1047.4325274869793	2589.2981870645685
3364OT	2000	1331.6345437645407	2978.913461881929	1164.4798080746375	2999.3431240433933
3364OT	2001	1269.255721432839	3043.655409115319	1280.461632354739	3235.566132127768
3364OT	2002	1256.0462655852182	3075.8088273978947	1273.2685232636704	3199.8966021686815
3364OT	2003	1275.728967034773	3113.646690794241	1304.6306934647841	3281.5156595565354
3364OT	2004	1733.198649758226	3520.096668661349	1394.6523859638605	3700.2571186103887
3364OT	2005	1709.2791343743697	3771.130391086208	1526.540108066421	3947.745521822098
3364OT	2006	1955.3250008289185	4143.5244280815705	1657.7361638672796	4339.336614948272
3364OT	2007	2206.2525113276915	4600.89337816079	1822.925740795802	4795.680601925828
3364OT	2008	2177.24389136231	4881.632161575786	2006.7900210559167	5165.507156961507
3364OT	2009	2631.622429688722	5447.440132457794	2091.75149572224	5515.834685128455
3364OT	2010	2735.779420331253	5911.442938581241	2268.612889957933	5903.21053788675
3364OT	2011	3152.421808416244	6567.980132734365	2463.1673178304713	6481.883783673025
3364OT	2012	3216.107478930608	7058.742987598417	2720.2078905304165	7045.438658484514
3364OT	2013	3461.6190549508988	7590.511204191362	2872.896305837434	7442.956246250638
3364OT	2014	3734.5055603606847	8172.428769761479	3079.782037131616	7983.694465131362
3364OT	2015	3741.2478277130012	8565.992369601821	3292.7524571765457	8425.433972631792
3364OT	2016	3819.645074356605	8893.699141698386	3443.4901469178117	8770.305404384875
3364OT	2017	3879.0494133515595	9161.673938925225	3611.0746161247216	9161.673938925225
3364OT	2018	4206.0668752624315	9612.838355335512	3818.897859360418	9776.671490100622
3364OT	2019	4185.061907405891	9896.110493061919	4126.4729948965405	10465.974620535944
3364OT	2020	3838.719147431974	9796.339618234591	4029.22410086186	10022.025564857446
3364OT	2021	3419.3669140851	9380.365507227312	4002.7191342024926	9789.734017377881
3364OT	2022	3906.4357211986817	9508.940105817112	4018.5913938798735	10114.862255118396
3364OT	2023	4516.114677645802	10102.722301916243	4142.547343355052	10669.928066871606
337	1997	381.6625075909892	1144.9875227729676	0.0	984.3327895106622
337	1998	403.495114717969	1099.5709441136194	401.1118844517733	982.4893848579682
337	1999	426.26049032420576	1088.2643713459179	404.08755528873183	1004.9981509523119
337	2000	427.3486778979458	1081.633479145567	436.9558418549409	1089.0514209032685
337	2001	413.8686215130133	1065.9795040245558	456.60516052195806	1133.1924009645763
337	2002	382.4281773861735	1029.3431505048484	435.9709083966648	1070.8700815299328
337	2003	412.0563770372874	1029.6090812009718	433.9916928017324	1085.1193660385275
337	2004	427.45532069775504	1042.6188213821104	435.65712931583136	1095.98061614696
337	2005	405.9175098957106	1033.343805834499	434.63743308562044	1081.738884348349
337	2006	403.0079403946436	1024.7358208852024	431.0678233331299	1073.162170368818
337	2007	409.2260388369278	1024.1789129542415	427.13185620492544	1067.5393976896648
337	2008	380.83112053414516	1000.145209081282	428.4083845026502	1058.305309477161
337	2009	332.13070642376255	943.5390614073236	393.61758387099496	955.3855306595029
337	2010	323.2858202593785	898.4308911543646	367.8809572352088	897.1797172583908
337	2011	354.66553489695815	894.508539850375	353.8873379051857	882.7828771764771
337	2012	361.4061968719285	897.5108572935237	357.7283592722876	895.819227516138
337	2013	398.32734167880767	930.2800229280224	358.4519456679782	912.1959405831544
337	2014	404.8309632277923	957.5458179751753	368.84566734720414	935.4322273647923
337	2015	439.7891813357662	1004.8548630965888	386.03997418658383	988.3663136501035
337	2016	440.9353796007794	1037.3493917317087	402.77402524228125	1022.956908209804
337	2017	470.0974761399925	1083.3141579377998	424.13270993390165	1083.3141579377998
337	2018	500.74394890103247	1139.4960627093938	452.1387858362089	1158.9166755508197
337	2019	488.45326524977133	1166.7084295144055	487.8012973339837	1233.892934140536
337	2020	482.0019077343956	1179.4738761216	480.0466289088826	1206.6463393704191
337	2021	523.5302420228426	1222.5911191001023	501.3787016626683	1275.946215398185
337	2022	560.1769312197324	1281.874855416512	532.8107669827327	1363.5576043754722
337	2023	592.025640505189	1347.9379373653323	555.4921236031344	1423.6163679929502
339	1997	1047.6497816060803	3142.949344818241	0.0	2701.957911631391
339	1998	1105.659312236987	3016.68232340965	1100.751663376719	2695.468060615101
339	1999	1133.556958393259	2955.7523476008164	1103.093321639416	2729.599279573914
339	2000	1202.3925727612661	2972.4953757015996	1193.780838150293	2992.8810220384808
339	2001	1176.7009263650257	2962.2476891052547	1261.788940092309	3149.02543472508
339	2002	1026.3466674745487	2830.1206822989607	1205.2101356277142	2944.2966267435827
339	2003	1094.772092982379	2799.0571990179565	1186.5338108260944	2949.965407998457
339	2004	1174.8865867133702	2845.110288273113	1186.6078059396223	2990.72457047544
339	2005	1236.9391151442483	2927.522788135616	1208.5971055458913	3064.628845560998
339	2006	1276.6749497825883	3015.577650242568	1244.7911813330275	3158.086006259124
339	2007	1358.8727304018312	3142.779042163238	1283.8163939941883	3275.8343325630863
339	2008	1343.5595833213522	3214.8190142099525	1345.4605826211816	3401.7660644215744
339	2009	1389.5989312612382	3301.2117855243337	1319.568377829002	3342.65967624951
339	2010	1402.49321515718	3369.5522029805397	1332.294828245384	3364.859693184852
339	2011	1500.053722521041	3496.4129040878943	1355.192524562152	3450.580185387572
339	2012	1599.1592988427667	3663.5746850942355	1429.298486818997	3656.6695741659173
339	2013	1686.4069747312096	3847.722269005499	1473.0563746770956	3772.9248696870986
339	2014	1820.7988424192743	4082.4805480197283	1549.412497100327	3988.199625040332
339	2015	1907.5326661680765	4311.264253819883	1651.2025591334573	4240.521207797385
339	2016	1929.7030732952014	4482.2620636259235	1734.3044813357155	4420.073871869333
339	2017	1948.0242402101412	4611.528242592401	1818.7580612436645	4611.528242592401
339	2018	2069.8670921945745	4799.241405223746	1914.2317786846245	4881.035640687604
339	2019	2104.384758103209	4953.148235235172	2062.7955303890335	5238.3735769793575
339	2020	2082.5415024295403	5037.550075514732	2044.1723701522228	5153.604061162226
339	2021	2180.2114398265767	5175.209583531969	2131.690936103546	5401.060893408448
339	2022	2367.83335781067	5423.334187196871	2254.7793792535053	5768.91616273957
339	2023	2674.0289895083415	5843.913616054866	2379.9669035644015	6172.013448344499
42	1997	7271.0550539679	21813.1651619037	0.0	18752.530734896834
42	1998	7783.199896704434	21028.110021856166	7655.913122686855	18789.05130287286
42	1999	8069.46853030409	20743.29712315752	7715.07145667108	19156.168117169076
42	2000	8497.427046419536	20910.053954121297	8387.80271704002	21053.45702491437
42	2001	8486.285086700154	21011.940208330994	8913.057903799607	22336.799988843148
42	2002	8781.762202958233	21326.095308019194	8809.216930811559	22186.456877876764
42	2003	9040.080853241225	21750.797583047155	9079.867603797771	22923.468834033618
42	2004	9824.023267305754	22687.217778119568	9342.47540080236	23848.361845379583
42	2005	10463.58063824483	23844.462383950406	9742.184063264898	24961.181352677293
42	2006	11390.66329935434	25388.527672095555	10311.922621510785	26588.32345249609
42	2007	13402.587723217215	28094.508217411385	11149.467577966014	29283.940531728833
42	2008	13307.932491944042	29819.615888227625	12256.385268498723	31553.675940786372
42	2009	12700.405085155238	30463.41482978112	12207.981131461584	30845.893862031375
42	2010	12884.310003999964	31045.868223187386	12284.724784412378	31002.633089265415
42	2011	14512.368129537103	32790.88559007251	12599.98998115823	32361.046358719967
42	2012	15280.356269611528	34594.22061805795	13451.619732265477	34529.0173804064
42	2013	16070.580532540438	36454.96418915567	13933.606304667928	35746.30168106383
42	2014	16764.79797357283	38273.97443741447	14600.629274508856	37390.07417295403
42	2015	17447.468597397343	40055.5401227741	15408.842888470765	39398.27330925165
42	2016	17970.080669255483	41678.7606395623	16120.059117777788	41100.4975389141
42	2017	19147.334122530705	43741.952195150465	17084.14256694255	43741.952195150465
42	2018	19687.369361164056	45567.44259773703	18166.301805858024	46344.05577774258
42	2019	20526.015283507244	47483.30780141406	19681.809187197538	50217.61779005094
42	2020	21023.163514470427	49174.8414630014	19776.987747069365	50307.72079120973
42	2021	22933.885760103185	51894.79910875359	21096.084106043105	54159.53992075559
42	2022	25197.009426841716	55594.040594870494	22867.63394165331	59136.56585959264
42	2023	27356.452265020333	59859.737284097275	24387.159583382778	63220.493628930526
441	1997	1316.196020056674	3948.588060170022	0.0	3394.556379516396
441	1998	1378.682963361455	3781.2945095812274	1381.3619960831716	3378.6648661219906
441	1999	1446.352819799204	3726.1570228868222	1386.6069876317267	3441.058089155162
441	2000	1443.917249818317	3687.3690567731464	1492.8737445026072	3712.6573724823656
441	2001	1489.9483915243268	3699.86969745237	1570.6048359831395	3933.1565099356267
441	2002	1673.857405068806	3861.460969192252	1573.275692074733	4017.244415407496
441	2003	1790.3632470985067	4066.276685376924	1671.0306493823	4285.5056929244265
441	2004	1919.3646599342626	4310.321673529835	1761.0634380147335	4530.926266307551
441	2005	2102.117620305378	4625.312465941039	1870.8241826969168	4841.931909224522
441	2006	2076.8476079876177	4814.247983950375	1977.1299047558077	5041.756821467327
441	2007	2093.2474389714703	4953.871521776476	2036.3341368990293	5163.602719894626
441	2008	1938.755679584306	4918.210747504573	2089.2320407698694	5204.212848245237
441	2009	1764.6957486818737	4749.386955571277	1957.795567674634	4809.017201776408
441	2010	1893.6617869522183	4744.3094595077	1896.0950584576692	4737.702433626688
441	2011	2079.3178059270263	4895.637811277656	1902.7164098303397	4831.463356824461
441	2012	2141.6765183289144	5048.488972792533	1985.076815870754	5038.973573387859
441	2013	2212.914463359993	5209.75470132835	2011.7659213176291	5108.480213331874
441	2014	2228.523513955773	5330.272729182046	2059.3231468875692	5207.175257748176
441	2015	2332.691740400972	5497.424936455507	2130.0054406116446	5407.218314363084
441	2016	2390.5874117863186	5657.1061341256045	2199.9539802965423	5578.617818167613
441	2017	2571.2759101373026	5914.13401453149	2314.2480297314187	5914.13401453149
441	2018	2643.9452467611723	6146.04371532197	2453.1442518548297	6250.791717011369
441	2019	2592.163843495585	6257.499013127635	2623.559296184073	6617.8349469054165
441	2020	2520.4116926029974	6272.009085920921	2563.6320376239128	6416.502270410813
441	2021	3268.9887965108223	6905.4967210396335	2750.517061690231	7206.859488019619
441	2022	3697.3034375052	7684.750678614089	3103.991424350553	8174.433082353474
441	2023	3943.147177199203	8409.123100075396	3399.4891753751695	8881.243678870022
445	1997	686.1202892992989	2058.3608678978967	0.0	1769.5494969330502
445	1998	718.7554955014756	1971.2034915164943	720.0998225572521	1761.3110970034877
445	1999	726.9029901133403	1919.8881527721132	718.6746181646388	1772.992017725364
445	2000	654.0666017011679	1824.980936599049	754.1103491171663	1837.4968235030874
445	2001	669.6783341771408	1774.71923621365	765.3342050539568	1886.6200942233481
445	2002	557.0615598739294	1647.3641240373745	712.0281871399075	1713.8239594368197
445	2003	565.513235220511	1569.5037787086756	678.0603867995849	1654.1219152427032
445	2004	638.807274008234	1578.675247479312	661.8609060382437	1659.4726998451424
445	2005	709.4101753849907	1643.625311140367	674.6424165191315	1720.6019916322505
445	2006	686.6298452647823	1667.9417451475633	693.6126203489002	1746.7643335870437
445	2007	705.7713406147108	1700.1039472773014	702.1276115734969	1772.0809527810693
445	2008	713.2205412232228	1727.7530825375534	725.4385186955079	1828.2247858734906
445	2009	713.9481013565475	1746.7921394888251	703.6338751667384	1768.723737465848
445	2010	711.4667625276525	1757.417061765594	699.8658330539346	1754.9696455272733
445	2011	702.4803807710742	1757.0116918196247	693.6719748345058	1733.9799090086772
445	2012	707.6404918290473	1761.0415377372894	702.2844795361943	1757.7223240695764
445	2013	748.8052732634679	1798.0320862110832	697.9774760257268	1763.0794273294985
445	2014	789.5133636219709	1856.6158604923648	714.0494804202887	1813.7391205087995
445	2015	882.1747094043765	1972.8894981652238	753.3334879379294	1940.516578216662
445	2016	855.569349749313	2028.2341235679103	789.1221765929204	2000.0938205661557
445	2017	799.3704202227077	2018.2980992308635	809.3064445597547	2018.2980992308635
445	2018	724.3545191470115	1949.160832109752	807.0153931310759	1982.380690540916
445	2019	646.9266731497329	1838.5461156979454	801.1641505736164	1944.418162981322
445	2020	634.4413702585232	1754.3985523473998	735.1436295500307	1794.8160055462754
445	2021	553.1912079637257	1630.5917082013716	706.542922589852	1701.752357297184
445	2022	760.4658950530537	1720.7827180117927	712.9856810378902	1830.4332522853615
445	2023	750.3610330402245	1772.4893395413824	737.8795627201425	1872.0037220676745
452	1997	309.23186323035543	927.6955896910663	0.0	797.5293786659115
452	1998	323.9299323599003	888.4053367606278	324.54474931726423	793.8085464072551
452	1999	331.78025050758947	868.7537665967432	324.5427666843748	802.282930555538
452	2000	339.97376380411225	862.4806475679225	348.62147576127825	868.3956190755143
452	2001	348.1705447878858	865.1292190351866	367.3080702348984	919.6779611257034
452	2002	324.7388875234088	847.3685522929651	356.3170604676536	881.5540572984019
452	2003	304.740598987517	818.8628673515742	351.212904930709	863.0109929261494
452	2004	344.29255294729944	832.819039023799	347.2431758000349	875.4431675406198
452	2005	417.57988896140165	903.1959334837007	363.4637163292892	945.4957352220335
452	2006	418.96125657236496	951.265002799438	388.4195873091766	996.2193125231913
452	2007	396.9064662591984	964.9320570822908	399.46455239158826	1005.7842179719836
452	2008	466.2720270344484	1031.8480605835675	422.57923773396146	1091.8517343020667
452	2009	528.9802569673592	1128.7155878618446	437.538059042275	1142.8870144121317
452	2010	515.7532979577188	1182.2714735393288	461.5537463703408	1180.625017233996
452	2011	516.4998547847898	1218.5975280135442	473.8794434023362	1202.6235457515943
452	2012	455.9097703923067	1192.3231606692852	481.2753163680557	1190.075868231022
452	2013	468.11833712363466	1184.9807213825525	466.21810579459185	1161.9454111378852
452	2014	456.9903519479173	1170.8124408782994	460.2776814678851	1143.7736647559466
452	2015	480.3504405861639	1180.833661074003	462.61164157252375	1161.4574954965256
452	2016	526.6019864165902	1226.057429396494	474.6994383821284	1209.0467563386535
452	2017	527.0924980656301	1256.6153679856877	496.5345594764363	1256.6153679856877
452	2018	481.5372684164566	1239.0246356708392	507.6347187251083	1260.1415298294185
452	2019	365.3085522669003	1130.4402173363098	501.18193472498024	1195.5362294074712
452	2020	282.44925139668413	989.0011877214434	433.65372725887727	1011.7855825015689
452	2021	184.8531972509567	813.378456190093	376.2074579852001	848.8751035800655
452	2022	443.93711297635383	912.1998982736902	367.10689459780116	970.3264735600651
452	2023	673.2414393113547	1169.1677982752558	439.6447400850594	1234.8093843313338
481	1997	231.3321864027045	693.9965592081136	0.0	596.6209722370714
481	1998	255.4706664285676	675.5565948292153	244.7448148832471	603.6237923925316
481	1999	282.03899085715716	685.4035556004412	251.36583916828886	632.96136873678
481	2000	362.166196451819	758.7408674434766	290.80969963095015	763.9443820095473
481	2001	473.7794408454605	900.6434456668683	352.8025983233444	957.4314560036203
481	2002	595.6141169886087	1096.7740612684195	415.5999187349781	1141.0213667175858
481	2003	606.7332284581136	1236.7937312273743	491.8759264724658	1303.4741573806223
481	2004	503.5746794715277	1244.1747203778561	521.5891515610664	1307.852254984807
481	2005	537.7790422393484	1277.5990154513613	527.9754312499877	1337.4334135605698
481	2006	513.8270160289007	1279.9218569916584	535.676531315865	1340.4076347844693
481	2007	680.3046972185105	1420.2018190098643	562.887668610895	1480.328656728841
481	2008	734.521569965527	1558.9025209778488	630.4688382983038	1649.5552845008026
481	2009	714.7657567053101	1634.9064779063244	646.781681867605	1655.4333115191462
481	2010	732.1946965054564	1700.09989902543	666.0723952770834	1697.7323038824409
481	2011	841.7948475433257	1834.8956389697246	697.7314117893968	1810.8429146570375
481	2012	1036.361215068366	2086.8981052034546	782.880388316878	2082.9647166004715
481	2013	1165.2426342767687	2362.300932032944	872.5418584910402	2316.3792272501382
481	2014	1113.477569891826	2502.7652629318177	950.5424433175324	2444.9663300980924
481	2015	856.7360900946662	2382.456917033434	961.0122246897785	2343.36345177461
481	2016	851.9147140405247	2298.2335397227266	923.1498424917924	2266.3471872424593
481	2017	928.8502977271559	2306.1976079211145	920.8862295287681	2306.1976079211145
481	2018	1213.099158322008	2548.3810372157495	987.4632003984082	2591.8135010177944
481	2019	1352.3166389647558	2825.8512239477964	1136.741116414114	2988.576897153994
481	2020	1076.599574997519	2781.0671284631303	1147.2178641772573	2845.1367495633035
481	2021	794.7432601891073	2516.330802466344	1105.7163324403657	2626.1459893967426
481	2022	1160.63037404968	2644.7458466856297	1097.9894460023909	2813.272524732436
481	2023	1812.7340128529668	3273.7755751678924	1250.1620047784083	3457.577952775864
482	1997	82.17292442992797	246.51877328978392	0.0	211.92939394781018
482	1998	87.0713913326925	236.9053416370997	86.38988940961752	211.67982349900103
482	1999	89.91349900937544	232.86481026587933	86.76533872944594	215.04765744525218
482	2000	94.6311409634326	234.1024909801134	94.03396117861323	235.70798736766523
482	2001	107.4901685054308	245.64346774126798	101.99904834268021	261.13195416989896
482	2002	82.38636015393428	232.41761195579056	99.46951259944589	241.7940673545264
482	2003	114.40302026878807	250.28092486118376	101.7445435985468	263.7745562617982
482	2004	95.52098940301244	246.4547744099662	104.43178016443338	259.06846296150076
482	2005	108.8146567119561	254.98206353327424	104.98417324132286	266.923758944465
482	2006	136.6257284157133	283.8428160352773	112.8576683709552	297.2564892255675
482	2007	175.97392048837278	335.8734777638289	129.19062297669606	350.0932948498918
482	2008	234.3420892006438	419.2007261764225	159.79660389779775	443.5779427036525
482	2009	205.1969397478003	450.46460057411525	176.11685698617828	456.12034420802166
482	2010	213.11831646751858	477.9083307723423	185.4160119061734	477.24278550445587
482	2011	231.5600933586872	511.57229831380096	195.30200500962601	504.8663542829685
482	2012	273.89355833169884	569.2928308189497	215.76558259109055	568.2198268582293
482	2013	248.1710323964371	586.3377475429975	226.63316343773482	574.9396955079787
482	2014	274.7780245315183	619.8735188049304	235.67099774678377	605.5581419657773
482	2015	254.0621134864928	624.967440442031	244.8829010350947	614.7124206151715
482	2016	233.20857896363037	610.9854427643794	243.76098355583116	602.5084551773617
482	2017	272.456739154345	634.370911138207	249.07127078051727	634.370911138207
482	2018	306.55448503976913	678.376011625279	267.0240555199921	689.9376820108353
482	2019	294.7115392248327	697.84362377088	291.0937541863056	738.0287094216832
482	2020	405.28316202877824	802.9650508712352	307.0767958519118	821.4635854946807
482	2021	326.0206673633627	806.9939233836258	336.0438380509191	842.2119433916506
482	2022	391.96810753695235	864.6360385365442	355.62968360706446	919.731782226518
482	2023	359.6038685143551	876.0939161196587	367.6922485834816	925.2812049528018
483	1997	35.482948858505566	106.4488465755167	0.0	91.51286630277738
483	1998	33.98338131708288	99.28538214791355	36.765557857779314	88.71354281785415
483	1999	35.94977848190387	96.14840350019561	36.09611752097482	88.79181408393156
483	2000	38.77098696247367	96.40809146885847	38.775413019918055	97.06926701609845
483	2001	46.62400402700655	103.12539766841111	42.42292328785584	109.6277335005885
483	2002	90.02212349617156	143.7687013590837	51.37091626347541	149.56878167435704
483	2003	90.19214875328291	171.00592486712492	66.34907346721944	180.22552847358423
483	2004	107.65369350651558	203.7153611668463	78.77994479448972	214.14162344995205
483	2005	80.76479955551311	203.1142404074918	85.17656889064311	212.62678556071245
483	2006	88.71894887468426	209.34195100056476	86.38955963716879	219.23490709141166
483	2007	89.25399220479424	213.93962750437174	88.240395433816	222.9971523522007
483	2008	136.20519009631406	256.1307434165096	99.48114830854266	271.02517036203193
483	2009	134.01549010648438	282.4334040330767	109.06520245973826	285.97945609760467
483	2010	135.07104319662815	300.84813868590794	116.49385049667531	300.4291711932692
483	2011	136.0435329365653	313.9350365710764	121.3448583473182	309.81982002885536
483	2012	124.16371764389649	312.7597890839647	125.10272606608848	312.17029897575725
483	2013	145.58094543623918	329.8239805861758	126.01846578039982	323.41240140869405
483	2014	172.3417546088094	363.5007825647918	135.46262023323686	355.10608505654153
483	2015	165.8962358233898	380.5807182293527	146.37439037292185	374.33581240129547
483	2016	144.3038484506079	373.9736858617418	148.81709989660817	368.7850674904466
483	2017	112.34998854949184	342.94078103240446	143.38289337882924	342.94078103240446
483	2018	119.77130590937679	328.43660894608365	136.56395634818216	334.0342063700946
483	2019	146.28245035242873	340.85978125774636	141.56751864079612	360.4880748154644
483	2020	173.9732564758794	372.2175679017305	145.90101408274634	380.7926354713762
483	2021	138.4493556552318	363.51950831384687	153.56907526309763	379.38386236427806
483	2022	204.05052756500268	412.3884451800668	165.06996542002815	438.6663783955321
483	2023	241.7615287742333	476.39357076523896	187.73633272027683	503.14014180327104
484	1997	627.3077159428443	1881.923147828533	0.0	1617.8679897405789
484	1998	668.9584640846122	1812.0808186228655	660.133792019646	1619.1316970792361
484	1999	722.6665078273746	1810.275968938056	669.0399813578235	1671.766575658533
484	2000	754.4889046556063	1835.591399838376	734.1742124194135	1848.1800542739757
484	2001	737.0508261892784	1837.9366217166496	781.030783995392	1953.8235072255525
484	2002	837.6836337321243	1923.3607759212034	782.6079862466232	2000.9551818672276
484	2003	784.2483167075432	1935.780781203755	813.4406186541738	2040.1463550022556
484	2004	869.2500112692007	2014.8955301935039	830.5748120339199	2118.0189723852254
484	2005	903.2497303608527	2095.9717954297134	860.6787033348618	2194.133432466595
484	2006	936.4621046280616	2177.6996174765272	895.1268015508215	2280.6120370454614
484	2007	990.3031800297466	2277.0523950091406	928.6704149274443	2373.4555667272098
484	2008	991.8288699159199	2344.5589882693607	978.0731479495046	2480.898976606719
484	2009	979.3481114466919	2379.1627517184843	956.6059500525281	2409.0339881484047
484	2010	970.2082791553414	2394.615400441774	953.4260175106884	2391.280608295346
484	2011	993.9874092781953	2424.7331080263457	951.234818425164	2392.9485009126956
484	2012	1093.8017760344328	2527.9902187129246	988.6776853128872	2523.225459048835
484	2013	1124.571615314186	2622.469825237105	1010.0676416633022	2571.490594147899
484	2014	1214.137796516542	2760.094713921855	1051.6518878328488	2696.3530073593265
484	2015	1294.877744224315	2919.1279294681663	1117.2065846699384	2871.228290452312
484	2016	1421.5723364004114	3130.728899979121	1193.183875498713	3087.2922676702315
484	2017	1448.347017423307	3294.1084478388366	1284.9674695635913	3294.1084478388366
484	2018	1555.7847851364513	3492.5596195062676	1380.4668663748346	3552.083869230092
484	2019	1615.0735268027274	3674.267685339785	1515.9053192639713	3885.8491293909747
484	2020	1628.401212586881	3806.5128007155913	1530.6242167591279	3894.206416723192
484	2021	1795.3130519480144	4033.7694104337397	1636.487989923084	4209.807132265359
484	2022	2261.2582904060127	4573.561515627504	1831.1602709132603	4864.994860739791
484	2023	2170.7864503936817	4858.029719079738	1992.2234230149054	5130.778229890914
485	1997	90.20733615571919	270.62200846715757	0.0	232.6506719062951
485	1998	90.69853453504557	255.99678442397638	94.10895707131252	228.73842256452104
485	1999	101.4524673736042	255.20824576065442	94.41825417066235	235.68153276949874
485	2000	88.35428674052775	243.76740279087608	100.4795338769357	245.43918203143483
485	2001	93.8513601258212	240.72106863210175	103.0073565389705	255.89918445531964
485	2002	107.04469683074329	249.68462644702058	102.03803977605608	259.75768736495064
485	2003	119.3730667316369	265.9339732410445	108.68352624834216	280.27152219251093
485	2004	127.53942496440798	283.57216963103633	115.52603284930805	298.0855465301944
485	2005	123.95366734909115	292.34283587826684	120.5774209941672	306.03426598643375
485	2006	136.2609769108722	308.44603801123804	125.8361186749082	323.022395477366
485	2007	139.2384846666048	321.662762562996	131.35712148254873	335.2809430680364
485	2008	150.4965803538742	339.8556586702259	139.9973626132066	359.61882810691674
485	2009	152.47996572566032	353.63707721820094	140.43995687831998	358.0771167810013
485	2010	166.63694037760087	374.62216846013473	145.44901128432755	374.1004616904263
485	2011	145.7083869047459	371.17176806071143	147.2035397611229	366.306263985052
485	2012	134.5715457527065	359.5908001677297	145.87704517406618	358.9130429012917
485	2013	150.87948212998603	365.4601018868082	142.19126999816842	358.35577801292425
485	2014	183.95347631136235	396.9346315173408	148.95759350868352	387.76781174153217
485	2015	198.65042977737303	430.16511249270474	162.70559162922123	423.106581964593
485	2016	232.1025360880186	480.19552173515206	179.54600584303378	473.5331510922886
485	2017	240.3097754341008	520.3884940185187	200.11680315073414	520.3884940185187
485	2018	248.86859704682666	554.3161602180347	218.60420335729728	563.763458801712
485	2019	337.38644905172146	650.6994810217911	254.8812107020591	688.169787387131
485	2020	259.7383585511009	650.2482861404449	266.18374391135603	665.2285650728264
485	2021	362.23567274031626	735.3619180438935	289.2159232020982	767.4538458668718
485	2022	367.771134339873	796.7172239791566	325.94104733129933	847.4850916244142
485	2023	750.2598599574891	1156.3613659506786	412.5463897893278	1221.283949541289
486	1997	138.89595759934693	416.6878727980408	0.0	358.2218391281871
486	1998	139.11094035182927	393.71769882521835	144.82282854271793	351.79490854799525
486	1999	149.42575136549988	386.9999253547288	144.1965370503392	357.3894539239287
486	2000	174.48462721987946	403.40380625305215	159.1648786009616	406.1703866125877
486	2001	164.92683137698904	406.374896982859	172.1674890568524	431.9979356686865
486	2002	110.54615511314745	363.03839391619556	160.09076723368227	377.6845013257812
486	2003	104.9944875239138	329.52100221405857	145.97960072308214	347.28677859155806
486	2004	131.8513305302827	329.5567769179413	138.56194721371318	346.423670870564
486	2005	134.85568533496698	332.08425572443343	138.52559592432152	347.63691451839475
486	2006	144.2116243612967	341.5658574507029	141.09701306229968	357.70737143651246
486	2007	139.294488056141	343.78931168058614	142.87418637579452	358.3442600521836
486	2008	150.95548198063042	354.98910943758284	147.88270873121277	375.63231410113247
486	2009	154.7278658362332	365.5992944885829	145.92712964002797	370.1895239532937
486	2010	176.24386384916897	390.6027495333628	151.02978820643824	390.05878786783745
486	2011	204.9902533288431	431.22704412961116	162.21136802573287	425.5743056368387
486	2012	242.87047098754763	489.87675524269713	183.87354031663256	488.95343481745283
486	2013	239.65755546692853	526.2991330509052	199.28440843056242	516.0681954562563
486	2014	251.74413109525543	560.6528646133164	212.36997940499873	547.7051312622228
486	2015	293.0206871703464	617.9524823841664	231.85314911457635	607.8125702082224
486	2016	259.18358779557366	627.9546447524224	245.7242107337799	619.2422215812713
486	2017	306.67919053138417	674.2024219444352	260.4314133393715	674.2024219444352
486	2018	313.53581181406685	710.7481244746792	281.71089582214125	722.8615179342164
486	2019	276.51469318339934	704.2609939692857	299.29838661046193	744.8156216812205
486	2020	267.78443772427295	692.6610274164179	285.82080156512194	708.6184018800652
486	2021	193.1896876887431	622.765424684898	274.5665949919127	649.943529192672
486	2022	320.0041813039451	681.847100876553	277.54882974357025	725.2952934469561
486	2023	338.2560287771301	736.4447578986437	299.5840459376101	777.7916047947557
487OS	1997	713.5762694587706	2140.728808376312	0.0	1840.3602813344478
487OS	1998	764.7980044288228	2064.4842092748936	751.4889644959432	1844.6593479737219
487OS	1999	781.1713827482853	2027.2989584735003	755.7418263356535	1872.184515398229
487OS	2000	886.7102658578729	2090.457860530561	829.199354704326	2104.7944125653544
487OS	2001	906.8521614689818	2149.348708244526	901.4275728860442	2284.870969854612
487OS	2002	757.820843907669	2064.4165087527417	876.7523443004839	2147.701545354942
487OS	2003	854.1502472239592	2088.069545188461	875.2725896862944	2200.6456066571845
487OS	2004	977.7741884291939	2206.8581871499687	902.9488909772533	2319.8063818715236
487OS	2005	1046.8299992162943	2343.597124113558	952.7137868132925	2453.355915123792
487OS	2006	1068.9507429986024	2453.190368574541	1004.6942385607973	2569.1217644691505
487OS	2007	1227.5041640256904	2658.380382404436	1065.5956867942282	2770.9277708872787
487OS	2008	917.3919306376139	2536.746863800969	1099.446499997545	2684.26289541114
487OS	2009	1220.706009961395	2708.419584168475	1062.2042764856774	2742.42475749749
487OS	2010	1144.9619463259594	2759.74801138395	1092.110501898649	2755.904727826689
487OS	2011	1206.0964611728546	2844.912391900012	1106.2383456362963	2807.6198658277717
487OS	2012	1228.01580433288	2919.9547648774087	1150.8003053446223	2914.4512298630457
487OS	2013	1565.4793800092957	3251.2026599260194	1210.2387695883758	3188.0012418875012
487OS	2014	1665.442329085183	3555.3370475216657	1329.8698568071566	3473.2299916764696
487OS	2015	1871.1376787410286	3929.506097298635	1472.4050405643902	3865.027277555543
487OS	2016	1941.7690202777503	4237.811581763883	1610.800393374479	4179.014966230466
487OS	2017	2057.786054548876	4540.029433299986	1755.5682030127737	4540.029433299986
487OS	2018	1927.811962378163	4633.1962575151265	1865.9132873876458	4712.160559086822
487OS	2019	2099.8112167198656	4838.640185609973	2003.4537789996457	5117.271620603201
487OS	2020	2245.6192798096013	5097.109523581317	2032.9294710483869	5214.535626870815
487OS	2021	2264.7064164209355	5285.328362738324	2167.107566985625	5515.985366012205
487OS	2022	2719.960002979002	5790.185577641385	2356.252046283296	6159.143805479154
487OS	2023	2677.968077896367	6091.763783341229	2509.8095580009854	6433.778879213166
493	1997	283.1917045980422	849.5751137941265	0.0	730.3700914002261
493	1998	296.1010567387697	813.1342898117259	297.13304955745946	726.5523088626585
493	1999	278.97852051402543	774.5716269695051	293.2451989855668	715.3069358704928
493	2000	325.08224519423254	787.2829556415306	314.5131849617825	792.68221447031
493	2001	349.79173847409095	816.3484191560963	340.9489358863293	867.8213995996522
493	2002	361.7619183831972	845.7005447567285	345.82024636179545	879.8187571067737
493	2003	387.9229934095759	887.069524345799	365.2381070069558	934.8949397060766
493	2004	452.1672908552924	968.185758609943	390.0416502031555	1017.738028994538
493	2005	428.5721778110174	1002.60065391581	412.61703667983966	1049.5559238756553
493	2006	426.6653213639276	1023.9548704138131	424.4650534386137	1072.3443142094588
493	2007	494.74645243890365	1094.9252906416286	441.71736447590143	1141.2809524803884
493	2008	501.6771416937483	1148.014478505876	474.67408631727386	1214.7734218268736
493	2009	534.4015362972355	1210.6775992516136	477.6612595157608	1225.8780880712757
493	2010	495.5033265602246	1220.037838301263	485.466074345968	1218.338787756127
493	2011	478.02079314966454	1211.7092198255625	479.9741017336097	1195.8255329320834
493	2012	499.53978587262066	1224.0893014442256	486.2415049303934	1221.7821361373383
493	2013	495.8615293349838	1229.2774754086372	481.13496139858813	1205.3810629929303
493	2014	553.7975038968561	1281.0162368531383	490.46418344061817	1251.4324111027154
493	2015	594.073014352307	1349.071669862348	517.3862185282043	1326.9349058854796
493	2016	700.2224284814183	1482.8998036427474	558.535977514582	1462.325625686239
493	2017	705.3191121552055	1576.3657958911697	611.8531199067834	1576.3657958911697
493	2018	686.2622647626835	1622.795751229683	650.7370733557078	1650.4533176195196
493	2019	700.0846327153886	1665.2676947492794	695.481090281971	1761.1615636126373
493	2020	777.744791326629	1758.299122605044	700.4876413769309	1798.8064362952123
493	2021	836.2242607998955	1869.052965736609	757.1306705455106	1950.6203020399316
493	2022	1064.2235489605491	2132.8882679581975	851.3900367747273	2268.798708991486
493	2023	1119.892072084013	2355.1689053754762	948.0067999175697	2487.3971643190284
4A0	1997	3293.8032418161024	9881.409725448308	0.0	8494.935888726663
4A0	1998	3450.216242063938	9462.786685352155	3456.8879314175865	8455.195655454803
4A0	1999	3596.84402042147	9305.89447391933	3466.527133945042	8593.873865115713
4A0	2000	3646.612433923553	9242.77334421585	3735.1752571786387	9306.161132841984
4A0	2001	3589.1214388777676	9152.78342854204	3911.0892972519073	9729.89123124774
4A0	2002	3447.551137827457	8974.814900550908	3771.7844998719306	9336.887081392919
4A0	2003	3533.2032090661996	8927.545941255772	3773.5095390951346	9408.865140112703
4A0	2004	3495.6310175184417	8864.72314210255	3740.5774061861084	9318.424463481944
4A0	2005	3670.027448599261	8968.171635234417	3733.6142322079336	9388.1822531549
4A0	2006	4042.2191527470054	9347.297050778783	3836.2020192531127	9789.025996408069
4A0	2007	4137.709901622032	9679.622951870882	3966.4918819560894	10089.427467410642
4A0	2008	4371.246788108268	10095.787624670815	4185.076690907595	10682.87439616642
4A0	2009	3910.3978418845986	9989.189951351043	4067.4303258056757	10114.607791961007
4A0	2010	3754.929879837213	9788.56820076504	3950.0430454080642	9774.936433277591
4A0	2011	3640.7663711058767	9559.684109764925	3818.9251599281756	9434.37101755132
4A0	2012	3889.3074723891386	9614.212300167565	3827.551484383389	9596.091418753254
4A0	2013	4074.6721796384195	9805.03501647706	3808.3497731508564	9614.431051797488
4A0	2014	4116.680143643171	9967.256797354017	3863.133987808437	9737.072682727183
4A0	2015	4291.085917941606	10220.742796520684	3971.347399778626	10053.031787528891
4A0	2016	4451.119177346371	10523.094512135765	4091.2062699042017	10377.094075279549
4A0	2017	4485.0954530967365	10752.975885671125	4255.214079561378	10752.975885671125
4A0	2018	4305.920537510872	10756.917705039812	4375.298026449793	10940.24956633641
4A0	2019	4687.230463850192	11077.30385656837	4618.307543820592	11715.186598622804
4A0	2020	5880.065845264609	12284.924108766088	4780.0883808641065	12567.941524936114
4A0	2021	5458.189916692958	12738.441003088192	5223.081946562583	13294.359278453618
4A0	2022	5064.7786600598765	12712.942885442028	5414.635897793385	13523.028298891963
4A0	2023	5809.143988845963	13316.248580999654	5498.114117876572	14063.87409588578
511	1997	3351.781707976979	10055.345123930938	0.0	8644.4661784266
511	1998	3867.251204211653	9926.272752797004	3570.797784584758	8869.330044628945
511	1999	4428.407768251326	10307.854975407443	3737.191345854428	9519.171502193944
511	2000	4735.80496135344	10818.407451399496	4254.229655033275	10892.601083468799
511	2001	4495.809555698143	10958.779597348117	4630.059543331803	11649.760353435893
511	2002	4646.048431790664	11177.560091390966	4605.877811617624	11628.497921711469
511	2003	4863.18078011454	11504.357377689428	4780.95781281916	12124.602640254205
511	2004	4705.897340138611	11591.152701908462	4855.510153502076	12184.394161665872
511	2005	4928.549113012525	11834.559395449414	4904.563907226841	12388.81290515819
511	2006	5105.5065152312145	12144.295026325624	5022.4065422053445	12718.20282108677
511	2007	5684.198773102991	12833.028995136243	5206.956929987546	13376.338714575577
511	2008	5631.814973505545	13248.531808012118	5519.649352273221	14018.955875493062
511	2009	5948.529856931094	13789.462752783991	5475.493244107136	13962.594373070358
511	2010	5872.738635708443	14086.924031613033	5567.513107497041	14067.306282717205
511	2011	6737.19909817054	15005.615269550806	5742.235966343498	14808.914204075818
511	2012	7319.82565743356	16103.598227561839	6210.115761196631	16073.246142053986
511	2013	8138.926325131056	17518.170755983774	6593.636416158512	17177.628086384622
511	2014	9299.4767103031	19428.34442924177	7218.654260569004	18979.665685226926
511	2015	10461.957555203933	21670.527582164457	8084.897056658107	21314.938353617734
511	2016	11129.407931776992	23721.524997923803	8952.45404002382	23392.405744210133
511	2017	11942.053686584117	25766.061404102635	9897.517280405287	25766.061404102635
511	2018	12850.151614272345	27885.833947962048	10913.258629533777	28361.096656264865
511	2019	13968.510235968266	30230.981161948253	12292.690393728719	31971.821840173852
511	2020	16695.979315556233	34067.3035375957	13155.91492634347	34852.13868494596
511	2021	20583.493124941207	39864.446629181475	15431.6411021369	41604.17085549135
511	2022	9009.249430803171	34084.0056117903	15732.10894322604	36255.88320353778
511	2023	14602.471228337885	34891.396431475114	14569.589387715749	36850.33389524385
512	1997	428.6087530857089	1285.8262592571268	0.0	1105.4102541967975
512	1998	435.5290246688914	1220.158360062161	447.8298194907787	1090.2367355415565
512	1999	422.3921753776674	1165.4323861894968	440.61247469614773	1076.2618202154547
512	2000	545.795901429643	1231.7848419843672	482.73151282610996	1240.2325355811645
512	2001	574.6344243585411	1300.0519149550291	538.2951853416554	1382.0237118297803
512	2002	825.7741219673111	1554.8463782761123	594.0147688421807	1617.573757647711
512	2003	843.4321229510738	1739.424354643303	694.3755711818632	1833.2035793438126
512	2004	545.8015922900921	1614.4508966706123	705.1056798576484	1697.079366097112
512	2005	502.5579930453603	1495.0989253182088	651.0361674926476	1565.119599432876
512	2006	772.5722742983419	1640.5428454607577	656.7648089673355	1718.0706331675442
512	2007	708.2946834958314	1683.9407998870315	693.0463463940276	1755.2335090273148
512	2008	770.0215839341303	1764.3118532031297	729.7548512053002	1866.9095096036356
512	2009	584.4765808901503	1663.2717195438786	694.1236212615114	1684.1546888766022
512	2010	681.1394384600907	1676.4640117459949	667.0169489088893	1674.1293324404546
512	2011	761.1399057895017	1751.9259293219147	676.6897802373289	1728.9608132143367
512	2012	874.4799237159845	1896.6838893112636	728.3465827014135	1893.1090167407835
512	2013	698.1743854067956	1846.2679140465057	734.0382157352906	1810.3775797757373
512	2014	839.9848181001711	1930.832624447813	737.9744140444037	1886.2419203867805
512	2015	1056.2045424003231	2167.392201632145	806.1955039715295	2131.8277088889745
512	2016	1054.1593440552042	2323.3942544674337	885.6959988944997	2291.1588150013845
512	2017	1241.8521514983318	2583.8062958935657	981.4401100721998	2583.8062958935657
512	2018	1255.6650677149185	2768.9250870248093	1088.7917672411215	2816.1163181855036
512	2019	1142.3504451489623	2797.908762307342	1177.479613322789	2959.0253784467886
512	2020	1003.4421355132536	2701.474287799273	1125.2153287238632	2763.7102663054116
512	2021	2020.8198203732004	3484.999375510516	1291.291509326654	3637.0882254736875
512	2022	1494.5628440051537	3568.801953677972	1500.6557623822912	3796.2107001985564
512	2023	1488.6772817754209	3619.765703931499	1518.4323099920175	3822.993300781134
513	1997	2646.3690240171804	7939.107072051542	0.0	6825.160322734672
513	1998	2861.348745073109	7677.195335595286	2790.6978496258903	6859.732846782169
513	1999	3277.6350538579345	7849.492768611804	2867.7393556204865	7248.905620802393
513	2000	3446.944268576023	8105.448736221222	3212.872391855485	8161.036648212279
513	2001	3442.126469887975	8272.071215720794	3482.033394848257	8793.647726341907
513	2002	3741.356205621274	8632.51098183159	3517.3132122643106	8980.77354902309
513	2003	4009.967627313153	9096.647010648689	3737.0013595367523	9587.083114843505
513	2004	3876.67813212164	9294.996450533827	3866.587542669097	9770.719392381252
513	2005	3590.8620095558013	9189.049308319052	3869.943560803177	9619.404394625111
513	2006	3429.599773094661	8984.03268312492	3806.378915373801	9408.594699615578
513	2007	3621.9225009519523	9007.623872876575	3750.673238883853	9388.978080136796
513	2008	3695.02885298418	9084.273292737867	3828.7941900901515	9612.538830513691
513	2009	3769.4972002508275	9197.42986203427	3702.2472909240632	9312.906872490152
513	2010	3402.924513347346	8967.390335812303	3627.90469686853	8954.902158019617
513	2011	3580.528999490857	8962.03439011725	3538.8793824869867	8844.555587569466
513	2012	3787.672898158828	9131.083675210524	3611.803225983584	9113.87339533562
513	2013	4299.98261986338	9670.707966693168	3687.2592313555097	9482.7152388128
513	2014	4722.392062403361	10382.46536313158	3918.0129538483407	10142.692409966507
513	2015	4713.089692750391	10849.218319379714	4176.659078745314	10671.194726834676
513	2016	5031.449010131435	11425.686388029339	4393.171255852516	11267.163132145757
513	2017	5458.998388667593	12166.289582575886	4718.395194121044	12166.289582575886
513	2018	5426.338163631997	12632.80819141059	5044.350549233575	12848.11115296891
513	2019	5032.917001120069	12615.969628540452	5340.544005615622	13342.455911171131
513	2020	4733.508286903706	12355.236658113392	5109.297503821611	12639.873919539636
513	2021	4644.763824958503	12107.460959541015	5106.054829950174	12635.842636235244
513	2022	11943.248454842547	18024.347685396133	6410.369411301177	19172.882786864247
513	2023	12776.980116489285	22663.715220671827	8594.489513103737	23936.143536951822
514	1997	2228.5837699399576	6685.751309819873	0.0	5747.664586624902
514	1998	2560.523944144644	6590.937493333786	2372.599218811887	5889.138993830769
514	1999	2852.8762129073634	6771.355172978661	2467.9810854267234	6253.259416982064
514	2000	2432.1136323945507	6540.998142314566	2680.7301314376746	6585.856908423814
514	2001	3845.347697168968	7565.121842517185	2999.1098165687918	8042.123279055211
514	2002	4130.880555702609	8485.815024763631	3339.696400227001	8828.159416963796
514	2003	4239.802653675802	9190.378894572255	3725.837444508687	9685.868454170639
514	2004	4474.401211158538	9855.586939013621	4004.149731679793	10360.001205034278
514	2005	4625.832169175797	10425.25143365558	4246.132090990452	10913.50215796407
514	2006	5192.674395226119	11277.396285125487	4545.651679965253	11810.33670024336
514	2007	4502.255063298228	11270.143409498849	4700.426193222842	11747.285513376006
514	2008	4491.673133908279	11256.489884589468	4767.318865963026	11911.073414909328
514	2009	4426.278409567528	11192.891931032585	4546.248361335599	11333.422679071964
514	2010	4693.782707183825	11373.41354334158	4506.975831842117	11357.574686648595
514	2011	5492.947114079329	12159.731623960495	4644.932200038609	12000.33581623401
514	2012	6221.179774030178	13290.80422766548	5080.5133288809	13265.753700405317
514	2013	7952.083091513945	15487.272061371941	5643.7295699476435	15186.20883701751
514	2014	8801.027031855132	17659.037234127238	6476.165495407126	17251.218921271193
514	2015	10539.311354367388	20555.450951390983	7517.486196872902	20218.15888877175
514	2016	11470.11514546088	23262.06325547806	8641.915484940231	22939.318705995967
514	2017	13400.80115124265	26675.37646302092	9987.487943699794	26675.37646302092
514	2018	14890.034042571247	30191.94601082332	11567.304261177009	30706.512154221193
514	2019	15693.369868253909	33205.77223076047	13409.690819064566	35117.915232058825
514	2020	18572.22529386396	37614.03589872695	14490.267900694284	38480.57989668198
514	2021	26655.64508127945	47289.06150021751	17721.670656581424	49352.803327531954
514	2022	26580.477091920056	53676.43857674506	21479.830863018462	57096.77172295589
514	2023	29717.783471471936	60549.11194405666	24127.722628277923	63948.57243908406
521CI	1997	7484.99353090268	22454.98059270804	0.0	19304.292182763627
521CI	1998	8299.87787205496	21886.551955184495	7924.015320677097	19556.086928474917
521CI	1999	8745.016321952047	21878.548238416373	8083.301434634718	20204.557921836345
521CI	2000	7883.210454582738	21155.040871096535	8665.743483329295	21300.124084670464
521CI	2001	8399.979564883966	21103.343551467664	8984.578019351196	22433.966560502526
521CI	2002	9628.603384646378	22092.731854850426	8987.748112852303	22984.02194741294
521CI	2003	10218.633165265252	23244.015540954664	9556.206037926784	24497.19205911623
521CI	2004	10621.537262775551	24347.291412949402	10005.411152934294	25593.39894603185
521CI	2005	11363.461968228392	25701.079248823262	10478.461928631248	26904.750032075324
521CI	2006	10678.88534280512	26033.123951553112	10835.805415850096	27263.38167547962
521CI	2007	12407.014580464329	27694.59478475568	11200.475966362996	28867.096033540704
521CI	2008	12353.846054455898	28757.93490188371	11947.067557453473	30430.25644668029
521CI	2009	11614.454109358589	28850.66835905463	11666.379962036226	29212.898784481415
521CI	2010	12106.503765739755	29322.53204415289	11618.437434337518	29281.696864709804
521CI	2011	12959.90718948727	30348.277354007987	11777.722952263559	29950.45704583461
521CI	2012	13355.7342701998	31361.963461171825	12318.785852594972	31302.852386540166
521CI	2013	14165.98205514235	32712.960686733182	12565.869256640972	32077.04046892465
521CI	2014	14922.838811043765	34244.33946702526	13082.197268347742	33453.49970825728
521CI	2015	16143.418669980929	36282.40853633428	13873.896519344396	35687.054610947125
521CI	2016	17736.668131693124	38968.82913396713	14841.436075393543	38428.16440167065
521CI	2017	19252.04040143411	42022.58642383985	16198.283111561395	42022.58642383985
521CI	2018	20897.700816698605	45429.80829647541	17788.571961757298	46204.07575316872
521CI	2019	21771.5519016703	48429.49878237553	19852.832614935865	51218.29485402123
521CI	2020	24986.620464115906	53108.51624168028	20775.445156715636	54332.01871595432
521CI	2021	27073.00665125277	57966.5163704975	23184.491572465624	60496.23298195854
521CI	2022	27385.81201177949	61465.85425681458	25408.5516209843	65382.53919808841
521CI	2023	28947.06160800954	65099.78751121767	26734.304933754287	68754.74047045401
523	1997	6128.770549844042	18386.311649532126	0.0	15806.50362980849
523	1998	6391.466849713922	17583.763474449686	6428.001243765871	15711.456411233576
523	1999	6245.393604303474	16927.003653219355	6374.049921042341	15631.870178391733
523	2000	6604.772021736417	16788.645786926587	6789.374892218158	16903.78386192079
523	2001	8420.311382208014	18209.356676457737	7440.944275328777	19357.50596921434
523	2002	7941.3591494789225	18757.370408870927	7691.616158973842	19514.10155999299
523	2003	7151.368548047031	18464.387395953145	7845.705903234254	19459.87531696563
523	2004	8051.93056178873	19019.53373212604	7880.473693942692	19992.96374770111
523	2005	11075.655398822159	21909.401987102494	8569.155979355544	22935.495358321812
523	2006	11981.115043602547	24590.530527737123	9739.479675165798	25752.615038743123
523	2007	11880.44542737777	26294.058207972892	10607.776146047861	27407.265182983203
523	2008	3846.627497991534	20734.89505364154	9952.752957070836	21940.663543124752
523	2009	10470.381549716098	22548.58132719111	8765.383171145284	22831.6868034757
523	2010	10894.064992151387	24110.77504492023	9318.875512751445	24077.197868706775
523	2011	9508.825561594425	23997.871331275506	9495.602864148766	23683.295302555634
523	2012	13028.487016803636	26855.653401520038	10151.53518699042	26805.035826684056
523	2013	14066.527229416166	29625.874958860164	11076.712305636063	29049.965824953884
523	2014	13740.626368140802	31201.105279357445	11884.448042064392	30480.5460582873
523	2015	14383.101793546659	32786.65501419385	12587.558478877496	32248.6625117538
523	2016	16680.22612278416	35757.95844511603	13518.721159458015	35261.84225533435
523	2017	18189.448989443157	38996.51312127999	14950.894313279205	38996.51312127999
523	2018	17839.625501824456	40864.02999904037	16244.32381462086	41560.48216919076
523	2019	17670.004347325263	41967.69028879797	17520.31129635497	44384.38533533097
523	2020	23587.73261833803	47634.904041147005	18333.367891426544	48732.30662514934
523	2021	24307.161629203267	52012.570718434064	20799.237996601765	54282.4512009911
523	2022	23146.53283035424	53963.82450425126	22545.870055816	57402.47025911623
523	2023	23676.744186080097	55706.50315790092	23165.528503212423	58834.0809327223
524	1997	10378.256146153331	31134.768438459996	0.0	26766.207367549323
524	1998	10996.470964877893	29920.238096371577	10910.782270854095	26734.351684606278
524	1999	11301.455979147368	29364.70538020386	10949.776569379579	27117.92776406507
524	2000	10950.810806007374	28702.145925142057	11693.015821111654	28898.987878445816
524	2001	10988.006541442424	28291.436067963394	12117.436362425753	30075.287792637268
524	2002	11363.465351949144	28330.511838599887	11781.250973758613	29473.45353928528
524	2003	11898.879737333948	28802.741006844884	12042.706351240253	30355.61033034323
524	2004	12370.641643515299	29510.695374159342	12259.589914131615	31021.068712553893
524	2005	13872.058698527899	31233.845831546147	12717.883798809216	32696.635285329598
524	2006	17084.429893063014	35059.58879858328	13885.25798335355	36716.41377269751
524	2007	15191.754955610446	36032.85499539757	14820.454447591905	37558.371718344846
524	2008	15209.444256050981	36696.44021030753	15391.724835923136	38830.398986916945
524	2009	14742.775780775453	36749.939957517905	14873.705130341272	37211.34855365681
524	2010	15915.803575734319	37763.12961812387	14881.860219216998	37710.53988365051
524	2011	17376.76552808892	39656.057685490014	15280.867621002442	39136.22636507079
524	2012	18237.88901638925	41635.612637317725	16227.690332721651	41557.13777368279
524	2013	18831.821426524115	43450.25961364858	16686.37084649372	42605.61278323942
524	2014	20598.11622783737	46131.93659896353	17502.676480294773	45066.56433075102
524	2015	22269.5391563697	49312.573696283784	18775.67443082282	48503.409269075884
524	2016	23755.120382989186	52670.98278334685	20113.72146283083	51940.21043428675
524	2017	25166.933656598776	56086.43323606355	21751.48320388208	56086.43323606355
524	2018	25807.344884915256	58897.07622813842	23388.638345019637	59900.86847661619
524	2019	25548.328201104385	60554.99098634595	25266.134704414217	64042.029366406976
524	2020	28279.843694417454	63936.53040291184	25471.90600964446	65409.48631808891
524	2021	28319.515321159466	66223.94970290746	27168.16266548275	69114.02894398585
524	2022	29983.200658808222	69135.30035094517	28796.90384027706	73540.69246773934
524	2023	33136.73740842918	73704.1480743211	30171.80110988748	77842.18299595297
525	1997	75.76771425661876	227.3031427698563	0.0	195.4099342893515
525	1998	83.36799326408446	221.00875623330793	80.11519115416225	197.47589559573726
525	1999	88.43008293278137	221.0309065995231	81.64358872562384	204.11919960322342
525	2000	90.78624704587632	223.00914360457904	89.41706353149138	224.53856079680617
525	2001	86.9491851384512	221.13041668509535	94.4287526707293	235.07328880491121
525	2002	115.42941853018542	243.6114598985514	96.69820429142877	253.43951023061567
525	2003	119.43090104780869	261.93339080554153	106.56015334678061	276.05525258547306
525	2004	142.95940161867858	293.7550952192599	116.82578461261664	308.78963975341634
525	2005	161.28086627886591	330.2374520452282	130.64325698927732	345.70361861022354
525	2006	175.82743668360487	366.6811652664896	145.97063568610508	384.009563372955
525	2007	61.467395694396956	295.6769399229905	138.08004904714082	308.1949631687204
525	2008	56.70949472353569	244.37587221827346	114.29155552565813	258.5867339346447
525	2009	56.11655846434404	209.68104686580236	91.95155311148025	212.31366715261439
525	2010	67.52482069855954	196.0580484926679	81.03481089940462	195.78501390004118
525	2011	55.88356081956178	177.27499967808006	73.68784259217131	174.95119084436203
525	2012	55.30756994708332	164.2729747412895	68.18084485946174	163.96335279807414
525	2013	57.355411149757394	157.3114924523242	63.066611837005524	154.2534519557134
525	2014	105.21413149496017	192.55277121401627	68.35689766340403	188.10595198762613
525	2015	139.88748483439477	244.94141817133982	86.06307937320118	240.9222022294828
525	2016	222.82840278089745	348.98461443164115	117.13714643484265	344.142701617463
525	2017	235.10180156434942	428.5745775913853	155.51183840460527	428.5745775913853
525	2018	5.381587057038352	290.2010409417889	146.20516517043745	295.14698349196215
525	2019	7.890454514934059	200.04273939030432	103.69486004483282	211.562131905181
525	2020	4.8795409958997435	137.42811042345267	69.04908600621053	140.59414941374814
525	2021	401.094735046868	425.86435282135847	117.57502167504133	444.44949809169947
525	2022	576.099191931679	763.9922284906382	253.13516100399775	812.6748164536579
525	2023	738.2317053424842	1124.521240112496	398.9083785761705	1187.6561963297502
531	1997	1719.2018622600872	5157.605586780262	0.0	4433.935037244801
531	1998	1844.714536702388	4975.665838438831	1810.8575281039055	4445.860355838429
531	1999	2013.8560681698496	4995.323949100763	1841.6161667129386	4613.117422970661
531	2000	2209.1646864324916	5171.186538094252	2047.2466700002458	5206.651010392295
531	2001	2000.6644682638314	5114.678082282694	2186.883252662058	5437.172398100168
531	2002	2372.348539753268	5386.74250464952	2185.0161658126744	5604.060591752696
531	2003	2802.814338062416	5926.84028481836	2384.7085283692213	6246.379611349172
531	2004	3090.1921318171626	6526.386966393209	2618.1180304626246	6860.410978538901
531	2005	3403.2407330859783	7186.958588500455	2871.117828834196	7523.54881452439
531	2006	3675.699425123753	7854.388579936765	3150.432422398801	8225.566554396142
531	2007	3665.3741092856044	8290.737477695848	3365.731891017538	8641.740990168179
531	2008	3510.8636222959663	8452.878003710537	3543.45689064362	8944.426859682679
531	2009	3511.9504344138813	8561.877364485259	3445.676337392849	8669.374786783836
531	2010	3589.1593337706404	8698.884354465707	3447.3448032881897	8686.770103792047
531	2011	3758.9650330674026	8931.727097199973	3479.9001262269385	8814.64557771599
531	2012	4147.561629810127	9410.786089641755	3661.5882382283685	9393.048626246771
531	2013	4596.573370123833	10104.335201531034	3827.1518216129743	9907.913021842054
531	2014	4836.558981514617	10766.689285616203	4077.8056896914795	10518.043054154634
531	2015	5479.094804842255	11743.705194446015	4428.204794174371	11551.004068248692
531	2016	5944.435415523646	12782.832975900383	4837.24998651491	12605.48027830851
531	2017	6339.029172125181	13804.412960704574	5317.449187320991	13804.412960704574
531	2018	6961.959544677938	15004.574927701333	5859.996811262341	15260.300287408318
531	2019	6856.502554911196	15716.802080893554	6498.091392679821	16621.848736424497
531	2020	7289.38778476205	16552.357874564077	6602.513972220803	16933.68750392971
531	2021	8593.987625377233	18196.561604190414	7253.079399223545	18990.67770851824
531	2022	9613.368358420865	20142.18136814433	8156.34760307981	21425.667612708658
531	2023	9405.071596113767	21265.680575524362	8746.531779025398	22459.61783893393
532RL	1997	527.7004853131903	1583.1014559395708	0.0	1360.9743697725637
532RL	1998	568.1273233025896	1528.840406711872	556.1168859031341	1366.0505297793165
532RL	1999	605.987413487111	1524.2164490471741	563.8917482882143	1407.5942880028338
532RL	2000	602.5157691265272	1518.240773636889	612.6645347588343	1528.6530083265018
532RL	2001	594.0899569297444	1507.2354798660465	643.2481462963148	1602.270762054967
532RL	2002	596.9384244779898	1502.2723403090226	626.1841608748658	1562.8787181008288
532RL	2003	565.4232588001161	1472.7009425394451	627.0731642927235	1552.1000565270035
532RL	2004	568.9101476813618	1455.8924180940983	615.6960703195915	1530.40577889364
532RL	2005	606.7281647050061	1476.2017493169042	613.8828636802162	1545.3374030626394
532RL	2006	648.545507070541	1524.5890887700539	628.52008156452	1596.6372035396814
532RL	2007	656.8811992946394	1563.7937252589022	643.8270281534075	1629.999788570488
532RL	2008	640.5285616846152	1576.3029515764474	664.5396998739938	1667.9675789581258
532RL	2009	643.0692426171299	1586.7596698985733	640.5552000401146	1606.6820031743302
532RL	2010	713.2030913074012	1652.1756893552167	646.8849498484661	1649.8748344820858
532RL	2011	729.3302859059861	1709.225697825133	663.4676933137893	1686.820317581801
532RL	2012	790.000481091091	1797.8175327926647	700.0866300807938	1794.4290036756474
532RL	2013	836.4116827227925	1895.554757464104	724.3150722790925	1858.7063166953833
532RL	2014	858.3207264463632	1978.970443681372	757.0093609833916	1933.2680434409772
532RL	2015	921.8963416078791	2087.560580460814	799.9607555840342	2053.306035732445
532RL	2016	929.948648192764	2166.6642604678464	839.0401006243156	2136.6033379716887
532RL	2017	970.4072869530263	2253.11557943942	883.9559679814531	2253.11557943942
532RL	2018	1025.362841677691	2356.546087691023	937.6449729861486	2396.7090779019823
532RL	2019	1119.064243377489	2503.5842612752563	1027.9998575286586	2647.752302002932
532RL	2020	1093.749982806288	2580.5144931887444	1040.2450236955015	2639.9638261911714
532RL	2021	1121.4226997445119	2654.8619119129235	1092.7706910207783	2770.7227346812815
532RL	2022	1255.8269827304903	2816.4304268840247	1163.9860541462558	2995.8970718123196
532RL	2023	1251.8573507009016	2920.834743506768	1211.8754695855864	3084.821662625065
5411	1997	13423.97271339875	40271.918140196256	0.0	34621.311353577585
5411	1998	13973.088146481576	38492.185548865484	14075.47120022103	34393.56405714177
5411	1999	13854.621255598631	37206.97474557585	13981.440195541245	34360.16266487447
5411	2000	13899.182983823606	36387.30231690357	14819.79867497346	36636.84977869247
5411	2001	14739.795842131833	36541.36474637891	15505.403437228482	38845.39683468208
5411	2002	14218.166707705625	36209.38208734063	15137.148025899605	37670.182124397696
5411	2003	15456.667708919555	37020.14448232672	15435.523811404379	39016.04642459048
5411	2004	16381.104857610184	38331.01703622631	15841.534937767401	40292.819204255116
5411	2005	17690.21064053594	40295.85355793082	16461.847992138213	42183.04829961101
5411	2006	18908.5446660928	42621.02292703122	17367.06247897887	44635.181610223015
5411	2007	19188.525897137974	44404.45353230246	18141.971787931925	46284.397168340045
5411	2008	19853.368952510973	46147.443148627455	19163.527889852077	48830.99339929828
5411	2009	19254.782101248	46810.61385012497	18825.035708085008	47398.337793237646
5411	2010	18287.814163228002	46446.92103610666	18625.532493420953	46382.23806970279
5411	2011	19518.216769277074	47229.79466513534	18489.750947490767	46610.68303486127
5411	2012	19961.85659579795	48121.4102732552	19034.297369554133	48030.71096874371
5411	2013	21502.946021002204	50000.06186633864	19242.809984904045	49028.090832075846
5411	2014	21599.12913680849	51332.648858232846	19798.506038789998	50147.17119179816
5411	2015	21270.2527006108	51946.976489330904	20316.984338488175	51094.58444556825
5411	2016	22017.38069818217	52979.13490803908	20694.06727589642	52244.08716785983
5411	2017	22517.141812723763	54083.70811596252	21412.56860480032	54083.70811596252
5411	2018	23824.22417522378	55909.325556661504	22373.53249199181	56862.19709469864
5411	2019	23266.00076019879	56661.217671273334	23810.575867549356	59924.03445090547
5411	2020	23389.113311422727	57265.07287370117	23310.1799416152	58584.33319781976
5411	2021	24851.35356943515	58886.17655699674	24244.041169537588	61456.0280566028
5411	2022	24592.871158766808	59751.51033697017	25239.48721612487	63558.955032644146
5411	2023	25166.351320228714	60806.29965817071	25465.278013308143	64220.19966264533
5412OP	1997	26150.42883568928	78451.28650706784	0.0	67443.68139591873
5412OP	1998	28051.330642831577	75676.96654040487	27543.356494912514	67618.93509666676
5412OP	1999	29610.25024177925	75126.51956175263	27853.01599139768	69378.37462570469
5412OP	2000	30393.240987733763	75412.04719761322	30314.19481570341	75929.22994456632
5412OP	2001	31848.61033207034	76815.20674180076	32365.11897884953	81658.61372539704
5412OP	2002	32802.04280519579	78545.17349886367	32325.62104741144	81713.93213940143
5412OP	2003	34601.08753962137	81197.6886155936	33671.045920579854	85575.37613360312
5412OP	2004	38046.54586833776	85837.2473006772	35116.77484220094	90230.44400852725
5412OP	2005	42192.16001719373	92384.96488144626	37313.79544415874	96711.6735757769
5412OP	2006	47398.752953286144	101088.93738203596	40523.39512898965	105866.13762312933
5412OP	2007	50936.01018517277	109839.30007566794	43971.65392164253	114489.54744362304
5412OP	2008	53111.62822811853	117485.89024054407	48108.905327966495	124317.88934372025
5412OP	2009	53286.0187410668	122728.94244458506	48646.16310740995	124269.84806523177
5412OP	2010	54809.56050154133	127493.92871434115	49974.88109730999	127316.3779677305
5412OP	2011	59489.470756107185	134570.5114396501	51725.83383574638	132806.494269664
5412OP	2012	64431.69931427746	143406.75705499796	55490.66730643071	143136.46378941665
5412OP	2013	67995.86638639496	152267.72669199444	57985.35003667267	149307.73395851944
5412OP	2014	71864.4447897537	161398.85511945773	61284.55135321668	157671.50532574923
5412OP	2015	77572.54209226281	172243.02182319085	65633.43704719868	169416.70561928477
5412OP	2016	79952.64995659511	181455.88951262317	69758.31820236621	178938.31836390606
5412OP	2017	81753.55253740292	189098.55345625122	74110.88859377487	189098.55345625122
5412OP	2018	86893.34733456945	198476.82508297535	78836.17748604408	201859.49721680165
5412OP	2019	88954.90672272853	206446.97232425734	85648.23907102305	218335.1503953994
5412OP	2020	92592.28265268303	214791.55042674078	86188.5848884867	219739.8715623636
5412OP	2021	98725.09588372523	225465.28018759823	91894.0155951798	235304.80997670552
5412OP	2022	106438.15753793168	239008.65140667523	98814.16407902905	254238.59650574467
5412OP	2023	111217.81134833265	252020.61039472738	103719.50738775176	266170.018725623
5415	1997	7474.7612013186035	22424.283603955813	0.0	19277.90232962804
5415	1998	8302.785131878958	21868.51001253634	7915.3054719881075	19539.966079493846
5415	1999	9532.804992678932	22523.010835590005	8198.999718267369	20799.71084200077
5415	2000	10565.843320745476	23820.20999101457	9332.209378414653	23983.57117923255
5415	2001	10446.863445956846	24585.859532307084	10291.6406811378	26136.064612881233
5415	2002	9223.730556291226	24077.015151780746	10125.217534088904	25048.35745585838
5415	2003	10531.397799402377	24827.508267355814	10308.231816893125	26166.057121373426
5415	2004	11286.189362798877	25956.829980569608	10676.701625200863	27285.314567422876
5415	2005	13155.754487374688	28267.68205985865	11352.806844683593	29591.555764783636
5415	2006	14392.544340989705	30838.908324063854	12379.962820996558	32296.27491724514
5415	2007	15831.52299876241	33752.20804834458	13465.139849327219	35181.16941764829
5415	2008	16828.20459464436	36524.97586110003	14872.783710034984	38648.96370181566
5415	2009	17123.84915295719	38619.85820153102	15217.660848119245	39104.744287779075
5415	2010	18226.723568910154	40935.508441779144	15888.91523080303	40878.50078533607
5415	2011	20489.247186596596	44364.711616683264	16836.412472840522	43783.15691947601
5415	2012	22946.299744477506	48698.39086485344	18577.53940195526	48606.60406647847
5415	2013	24461.170341063047	52849.90252745483	19914.851167942983	51822.53231024155
5415	2014	26728.289106774515	57506.842607281986	21561.632658875416	56178.777933152596
5415	2015	29434.006475247166	62866.23380089396	23679.577650774663	61834.66890270955
5415	2016	31640.341992962163	68277.77419473112	25864.8956694319	67330.46873733884
5415	2017	33601.07855002054	73519.41492150453	28359.437823247124	73519.41492150453
5415	2018	35435.62816011069	78542.6334144286	30930.733207784844	79881.24802224112
5415	2019	38168.7860929249	84169.07735372314	34416.281761554215	89015.92479546311
5415	2020	42093.01017338533	91190.22671363654	35879.838733386045	93291.04737121277
5415	2021	51444.39537101412	103663.81395160282	40671.53308374385	108187.80622473941
5415	2022	57452.57941545698	116986.35881394937	46942.05829998447	124440.88320706399
5415	2023	57873.32407040931	126218.67593464068	51371.90053766517	133305.0788363201
55	1997	4887.691719674761	14663.075159024283	0.0	12605.679439311032
55	1998	5393.636761320164	14270.080740449659	5170.474664477222	12750.612339852087
55	1999	5719.527366724436	14279.65996590347	5273.063673777593	13187.082330198875
55	2000	6171.570335557014	14662.74859023316	5828.179650526804	14763.307066969743
55	2001	6211.141337917038	14951.116841752972	6296.21998246998	15893.825281858026
55	2002	10989.817364815533	19125.592365181594	7090.294106256831	19897.178744877463
55	2003	11943.232740063504	22703.088860173986	8816.766068252246	23927.101888352205
55	2004	12562.031250314936	25603.751948711775	10155.842205812714	26914.165811072464
55	2005	13722.313824225099	28504.429485995435	11328.451090299091	29839.390894946082
55	2006	15239.484142396976	31702.523109327773	12610.43531447464	33200.70189093659
55	2007	17107.68594646098	35391.420361602664	13986.897620256237	36889.78077787769
55	2008	17116.006889758253	37857.61931586699	15501.718530647744	40059.10258066445
55	2009	17268.25321044426	39628.62388594822	15691.822121229441	40126.17538495118
55	2010	19484.73952780803	42656.365530472176	16434.07951932265	42596.961371983954
55	2011	20884.893646174118	45841.655058793214	17467.588907151796	45240.739852637096
55	2012	22760.182842961924	49527.922408330414	19037.96494958694	49434.572107688226
55	2013	24123.51346696064	53121.542828020814	20130.80431350422	52088.89208726349
55	2014	26188.734763724875	57238.30752178461	21562.239359503947	55916.44440462904
55	2015	28084.99880450066	61563.03735160697	23370.389416705657	60552.85645610961
55	2016	28923.27197703246	65144.75154859836	24989.961726025187	64240.914547608176
55	2017	30431.399588027292	68789.33402242165	26786.817114204	68789.33402242165
55	2018	31504.644742948858	72113.42663407182	28660.83776852879	73342.46724698883
55	2019	32195.855233944145	74905.497117668	31096.99160701541	79218.90446976808
55	2020	34517.87916888174	78701.8973858468	31429.233666008717	80515.01462194977
55	2021	38495.872620288406	84547.82544080487	34074.82072318473	88237.57690203584
55	2022	40209.868668260475	89873.44085075366	37107.12368086446	95600.29451050874
55	2023	42543.73897662919	95368.74304769344	39128.478801634155	100723.11182440801
561	1997	10309.289185051664	30927.867555154993	0.0	26588.337024366363
561	1998	11275.314056061201	30014.673416821	10890.68420946766	26818.73159696565
561	1999	12040.892446571903	30043.859316690585	11092.656515335333	27745.117689925635
561	2000	11629.942678472144	29720.85844318718	12034.917936839905	29924.68682051756
561	2001	10631.558841235581	28673.537996487772	12415.264281259246	30481.48228339716
561	2002	11006.834790063705	28288.054322711607	11851.920320452651	29429.283154046363
561	2003	10652.408419458612	27735.70989802325	11808.845245107064	29231.05136763735
561	2004	10398.09847590791	27155.555328605427	11540.125969415756	28545.39132662593
561	2005	11664.131498322937	27823.8131343394	11510.8486386588	29126.898916233276
561	2006	12333.970490260037	28827.517498109635	11865.705032792306	30189.830992628227
561	2007	13286.41821392512	30290.360177010694	12324.148198667102	31572.757894316976
561	2008	12946.985481774671	30982.72801948603	12967.243951701983	32784.42496887878
561	2009	13244.09279103224	31691.896005517556	12692.30525415704	32089.799056836546
561	2010	12283.528772089821	31364.204647086557	12593.65747814651	31320.526191115398
561	2011	13782.056761493222	32394.517065968725	12584.588137830433	31969.87363029743
561	2012	14247.915770372514	33469.60785262291	13147.996823909825	33406.52428675759
561	2013	14992.165867953398	34806.54345837644	13389.780825026626	34129.925254687245
561	2014	16463.824466362938	36924.21602755341	14014.841453410461	36071.48712256035
561	2015	17475.758634072787	39179.2762134296	14970.943734167808	38536.38791498232
561	2016	18052.728421633605	41163.45782698107	15845.60717270026	40592.34418561628
561	2017	19394.066219035565	43604.02706718369	16953.49697883295	43604.02706718369
561	2018	18763.469085189503	44705.575615780384	17962.9354606476	45467.49985957532
561	2019	19488.288280680285	46043.957311087164	19195.062729018056	48695.38279556714
561	2020	19687.212007971077	47101.981547367344	19058.36295761883	48187.10677858564
561	2021	23474.231538174892	50963.18064672398	20468.964743676504	53187.26469950524
561	2022	27478.593961205	56874.28206548683	22941.8014865443	60498.385997743746
561	2023	28269.814604424733	61474.3668806785	24998.63964047604	64925.774753691905
562	1997	240.83228497588033	722.496854927641	0.0	621.1223532822899
562	1998	249.8385262100257	689.8633417934489	252.39461051655394	616.407166761831
562	1999	260.62305103984534	677.0947703955037	252.47364727747473	625.2883124579138
562	2000	260.8576095687613	668.7778549043036	271.02054867891326	673.3643948664723
562	2001	275.78103124943306	675.6694293107299	285.8436658900042	718.2722181507849
562	2002	333.63073161296916	728.4718958846277	292.15775801374366	757.8607368744147
562	2003	350.42937371318635	777.6724086840738	317.46929641097756	819.5997942370522
562	2004	346.3469340071236	807.0707174619856	333.1702271642915	848.3770329655141
562	2005	351.78008056016546	831.1972121081284	342.99874105611804	870.1250637228005
562	2006	405.58413194498155	892.1182513595704	360.9509739607946	934.2774394552214
562	2007	426.21764327509646	949.9268703022941	384.0062932020062	990.1437592057189
562	2008	424.1407623797393	986.7352155179789	409.8564387404146	1044.1155025778862
562	2009	425.5854773966683	1012.4780415092096	404.8628184227092	1025.1900642307232
562	2010	564.7634068422133	1145.6215333746509	431.01883193753287	1144.026116552571
562	2011	536.510927253726	1210.840128294539	465.1143981235446	1194.967833884945
562	2012	593.8351774491641	1302.089400070663	501.6386310224644	1299.635220063727
562	2013	615.9692836537818	1381.3673364252604	526.2583913298747	1354.5143888774894
562	2014	653.1117907993316	1465.17138328295	556.1601345588682	1431.33467329399
562	2015	569.214672683269	1451.1264827580242	573.6889330429644	1427.3151129345993
562	2016	600.901301592183	1468.1687398321687	575.7584163745034	1447.7989448876365
562	2017	702.2341180626545	1563.974258273658	606.4285996211653	1563.974258273658
562	2018	744.3500183212153	1662.9411874501184	656.3824558989344	1691.2829589019132
562	2019	713.7690866383308	1703.435030498688	712.045567497031	1801.5267522962968
562	2020	757.6800985520915	1767.023435792535	710.0820270911457	1807.7317383170114
562	2021	787.0412498446722	1833.8833320655838	751.6107864143722	1913.915830464418
562	2022	851.1714404551894	1931.8984217563807	801.1484623705958	2055.0015258790245
562	2023	910.605465084426	2046.7701687412755	840.4092757153047	2161.68373407094
61	1997	1673.190927542497	5019.5727826274915	0.0	4315.269800765524
61	1998	1792.0171104037836	4839.729447088148	1761.898099373783	4324.398378116195
61	1999	1925.8918073845402	4831.396137545882	1786.23201973693	4461.732197247832
61	2000	1968.6429067581187	4861.466513995688	1951.8674387964154	4894.806897917904
61	2001	2096.947518907023	4988.433941752978	2094.192675294587	5302.968222340253
61	2002	2545.373130932598	5446.766903612484	2171.237915087307	5666.506563224629
61	2003	2781.892900707726	5949.422019664762	2402.1204796013453	6270.178816550428
61	2004	3131.409746553511	6575.789468571101	2633.2517162984836	6912.341927477989
61	2005	3442.228981764087	7252.38379718414	2895.158927089847	7592.038112907123
61	2006	3819.1997117628125	8017.588957925104	3198.3183898441175	8396.479357752314
61	2007	4132.171871900867	8788.535865200793	3503.5285620997206	9160.614581536154
61	2008	4373.435572985781	9503.553554288681	3871.1609430913004	10056.200933705486
61	2009	5459.982348421107	10885.687659876712	4129.047081121471	11022.361348784952
61	2010	5392.572662522493	11750.935658686552	4521.019815455979	11734.57105669638
61	2011	6727.351191345517	13440.083098578969	4972.1604717748705	13263.903807155486
61	2012	6909.9646778928845	14718.359297296718	5621.073864487287	14690.618112152006
61	2013	7443.236061638621	16014.936249563332	6027.171764980958	15703.615551765952
61	2014	7938.732961828435	17292.234967899254	6507.59488983101	16892.88759710996
61	2015	8226.386984376739	18383.479132246786	7018.063070986407	18081.826708794917
61	2016	8910.391604208537	19680.979091671637	7507.268198696068	19407.9195328291
61	2017	8969.006187872841	20594.82455100846	8055.16072853602	20594.82455100846
61	2018	9296.801556981582	21477.217664823627	8557.816546109581	21843.257305353694
61	2019	9269.638600011724	22042.843943225525	9205.229884879242	23312.17354898923
61	2020	9395.994380228933	22525.22461234113	9118.963609812085	23044.155849684732
61	2021	9626.528219819773	23038.923258077237	9510.522549173442	24044.36485652729
61	2022	9919.585299653107	23625.603255095746	9927.610283133763	25131.05771622014
61	2023	10601.769258511178	24585.209885489818	10183.510798032445	25965.51831750941
621	1997	9691.13841904979	29073.415257149372	0.0	24994.085412707293
621	1998	9716.474419035807	27479.338853962756	10106.211135551646	24553.357717811607
621	1999	10103.515920166306	26739.15583611376	10014.016510262929	24693.266526850402
621	2000	10256.301104132042	26373.02147751921	10695.285100895795	26553.890081410234
621	2001	11321.526644317848	27016.619855277684	11351.200585026634	28720.090962503273
621	2002	12120.34421220084	28111.36674701916	11470.404495998946	29245.46744740442
621	2003	13160.678816459056	29708.143511728656	12187.357602449893	31309.8266538465
621	2004	11754.847668486367	29601.13539822441	12468.95197168893	31116.1375059292
621	2005	12284.518073207486	29971.188659822514	12472.46056941304	31374.843493921187
621	2006	13029.039278239186	30838.325171747663	12736.642657068034	32295.664206667305
621	2007	13996.235708018567	32222.41320451392	13146.105980619335	33586.60791524338
621	2008	14335.027194807586	33427.46479868227	13893.50542830305	35371.32724087397
621	2009	15258.501861687493	35000.394750527754	13857.399143562054	35439.83718294579
621	2010	16040.76247653046	36700.89856412722	14320.288114859659	36649.78811512739
621	2011	16592.89835334376	38294.68100387129	14802.500044913882	37792.69528584669
621	2012	17035.001970972487	39725.6223117246	15574.650106743888	39650.74740065072
621	2013	17761.62726092057	41285.10425858354	15887.185385006287	40482.54674189219
621	2014	18381.84461091889	42841.60668148811	16436.77725248766	41852.221386851445
621	2015	18910.707823195593	44319.99430698841	17146.275233290296	43592.75254856495
621	2016	19832.038394421157	46073.36153334324	17827.84248974613	45434.12647719651
621	2017	20284.610685545635	47619.41659351686	18738.555625372017	47619.41659351686
621	2018	21263.316318977875	49465.70799482614	19747.95236515951	50308.75993272435
621	2019	21171.43740241326	50620.003165228474	21169.82249973487	53534.93868021787
621	2020	20822.97496090952	51099.14791091025	20812.506961745614	52276.35899355065
621	2021	24622.269097218716	54584.6561882891	22059.19015157114	56966.785047091515
621	2022	26409.838756594894	58397.96975602181	24036.405444370368	62119.165068604925
621	2023	29007.942468717316	63105.265227945645	25664.97897156351	66648.23801950092
622HO	1997	3854.636816078206	11563.910448234617	0.0	9941.362681049306
622HO	1998	4004.4488124928575	11046.314309233794	4040.5407095169876	9870.110345063325
622HO	1999	4212.513118521184	10874.63713825685	4048.7433480151744	10042.587540294991
622HO	2000	4215.037685649977	10762.289496879548	4357.062933109127	10836.098266861816
622HO	2001	4487.779301455448	10914.675749132573	4608.751331524343	11602.875638052099
622HO	2002	5119.426341039232	11542.639116954411	4672.662676153235	12008.305380165193
622HO	2003	5690.019336936668	12436.775525416831	5054.447885085398	13107.29112641693
622HO	2004	5846.427955034808	13163.206979473562	5382.040689015818	13836.907026778268
622HO	2005	6288.378390847892	14015.786645355618	5690.3760540163175	14672.194601067495
622HO	2006	6819.3011214958615	15026.608698150298	6082.9726812170475	15736.727139937142
622HO	2007	7397.449874500254	16182.280694183744	6506.0349442957495	16867.38710103264
622HO	2008	7875.285036144061	17350.92465957588	7096.643356872317	18359.909665952346
622HO	2009	8691.184055756017	18809.936486180603	7322.974729485854	19046.101943799946
622HO	2010	8875.388987946872	19936.115147409462	7738.418612218144	19908.351691026615
622HO	2011	9547.800033679734	21247.243459672754	8128.701333367248	20968.7240286565
622HO	2012	9921.001287673666	22432.33004617656	8719.449236355584	22390.04955767452
622HO	2013	10444.836565790569	23658.917168943182	9039.052235844882	23199.002094203708
622HO	2014	10537.310397946656	24553.703444251	9419.839393724584	23986.65951200024
622HO	2015	11073.512969772763	25597.063104311303	9865.569661987081	25177.043799852137
622HO	2016	11351.392839806565	26524.202769379677	10279.624090997058	26156.198358972997
622HO	2017	11825.867393397553	27537.69134075108	10812.37882202615	27537.69134075108
622HO	2018	12108.881787795015	28449.195716996568	11388.216097759618	28934.059889634475
622HO	2019	12080.455003487006	29033.176314236884	12158.4949405906	30705.04181126339
622HO	2020	12358.912969233834	29654.54501718612	12007.951264407993	30337.719991175003
622HO	2021	13035.310365305597	30632.455315878746	12583.597035990737	31969.286229903733
622HO	2022	13812.444375854571	31932.00719046464	13310.230441561986	33966.75661711358
622HO	2023	14741.286900131337	33572.41054375254	13836.41763871578	35457.295056539035
623	1997	582.2020251299964	1746.6060753899892	0.0	1501.5374370204345
623	1998	605.0817039060241	1668.638803515013	610.3183897642135	1490.9632892647614
623	1999	643.9342854446417	1649.0377735472102	612.7663301669361	1522.8651758724877
623	2000	672.5184805524655	1659.7905828251949	666.3041210371845	1671.1735791088388
623	2001	692.6412845036353	1683.7281256364927	710.8673250483808	1789.8917475036658
623	2002	723.8061853026783	1725.6572381765607	709.3861324520946	1795.2756633514393
623	2003	765.5857793135143	1788.4263082123025	740.7083289545299	1884.8474214216421
623	2004	778.5233163777189	1841.0536357896344	763.0477378198863	1935.2797558723853
623	2005	809.6434890185756	1902.0719980419028	783.685840908817	1991.1526342875475
623	2006	900.5207281178513	2018.4819387928114	821.165823649468	2113.870145003763
623	2007	903.5361749969398	2098.601438359324	858.2775241886843	2187.449562923067
623	2008	941.8673761077556	2183.957105662679	906.3192832665818	2310.9578285300245
623	2009	999.9656340037499	2289.2760987782444	905.8792483724361	2318.018776239287
623	2010	1050.1133803632297	2401.278549488188	936.8044964949142	2397.9344780992124
623	2011	1114.937086722809	2529.9666052611333	973.3207883069139	2496.8025451455296
623	2012	1149.2914004835338	2644.387237243701	1032.920242561903	2639.4030923087307
623	2013	1193.6895127724829	2757.66608547287	1059.4081331094142	2704.058720657728
623	2014	1253.0002191319602	2882.610906258547	1102.0040545916715	2816.0398072328926
623	2015	1280.7453487324992	2989.028394782781	1155.0584475791027	2939.9817669618765
623	2016	1377.6350541839317	3140.714808341798	1208.9394769337503	3097.139628671039
623	2017	1346.359399924926	3215.7760388319707	1271.2981694347536	3215.7760388319707
623	2018	1375.5734947173348	3290.1619381524265	1323.3639427764253	3346.2366919646734
623	2019	1344.1921185002977	3313.6013908518657	1396.8077549223144	3504.413990076419
623	2020	1524.6984971042357	3479.6496748214404	1389.950501959876	3559.8130890538578
623	2021	1529.3436908985896	3594.219525629785	1476.5159820858328	3751.0748519203767
623	2022	1573.8637045091266	3707.6994375107956	1553.4413654582008	3943.958914081203
623	2023	1772.2593413706443	3948.6824094827343	1617.2481261694645	4170.376657795549
624	1997	802.6894875185645	2408.0684625556937	0.0	2070.189150480461
624	1998	862.9035498015857	2324.4652665384506	845.7233573165132	2076.957800741134
624	1999	956.3074798885121	2346.566410932727	862.727536157856	2167.023901699141
624	2000	1005.4851720284428	2402.281917312187	956.2832732608525	2418.756987372221
624	2001	967.387778562816	2407.677760343805	1022.6481344317166	2559.4883688590694
624	2002	1064.2140631830039	2491.9635595483733	1019.4616435009057	2592.4971850974766
624	2003	1149.2041439826023	2618.979159684418	1077.298758259608	2760.1786516004445
624	2004	1159.9712327392924	2712.6288004056896	1120.8965073942516	2851.462608458939
624	2005	1205.9292864067227	2813.3602722760625	1156.9580657768636	2945.119702676473
624	2006	1290.4199493691851	2950.9234726583627	1207.3377602808562	3090.376440412446
624	2007	1384.992059514134	3121.442364700687	1265.8901070061775	3253.594327893035
624	2008	1484.7650756750845	3318.265806196362	1362.837573356797	3511.228458695464
624	2009	1570.859185951346	3521.22652575703	1385.0729192406009	3565.4367799728125
624	2010	1520.2363269538248	3614.347956299541	1425.1274659672752	3609.3145387507766
624	2011	1564.3848807018035	3713.219371451197	1446.3027864168096	3664.5446457844046
624	2012	1690.7103946583272	3884.4049098494042	1516.6608535871287	3877.08357779027
624	2013	1795.8423434123338	4086.138559409881	1563.1201826769616	4006.7064912586916
624	2014	1900.6902906683915	4308.000948496914	1640.0570018249769	4208.511850914461
624	2015	2013.2096008405733	4549.675299698421	1742.4663287106746	4475.020193872139
624	2016	2144.124066507542	4819.886921888567	1847.913244634726	4753.014425838878
624	2017	1996.501358380917	4877.00907990981	1939.379200359675	4877.00907990981
624	2018	2043.8363969590991	4954.536384072457	1999.821211765059	5038.977336588822
624	2019	2210.2180064609115	5144.872594765731	2136.1959959731416	5441.1383179745335
624	2020	2374.6692745185237	5408.806125275925	2159.3624161145663	5533.413027246763
624	2021	2365.5153350197807	5577.133529367102	2293.075404515007	5820.525201266105
624	2022	2890.3546192069293	6126.717868917177	2489.9272354360373	6517.120376240351
624	2023	3129.72782033513	6692.585096224061	2707.8056075944364	7068.332616109133
711AS	1997	954.9808841503639	2864.942652451092	0.0	2462.9587107163875
711AS	1998	1023.6770552663862	2763.025981022717	1005.7412794149394	2468.820871426271
711AS	1999	1114.475197605306	2770.7466520195667	1022.0735715384794	2558.748899031866
711AS	2000	1321.1229499771077	2948.1002263273012	1151.6134511131738	2968.3185684888604
711AS	2001	1315.5107097771377	3061.6590756991495	1277.7381829520937	3254.7049786865164
711AS	2002	1387.0670607243794	3196.995267736416	1302.2296177393064	3325.972083588056
711AS	2003	1541.4594989755049	3415.8797609705316	1393.8802385993793	3600.043306110538
711AS	2004	1530.0803017672017	3552.3200921196894	1464.9672175112366	3734.129754296574
711AS	2005	1615.48734855622	3714.4528518766433	1521.420230685612	3888.4135766495506
711AS	2006	1790.2224257773473	3968.153922732219	1609.1333575530493	4155.678555667382
711AS	2007	1806.2773189985373	4150.667047653595	1692.5092167100936	4326.393117469337
711AS	2008	1935.185824818075	4379.766219117459	1805.2984179481716	4634.456878735115
711AS	2009	1906.2531547726726	4508.3884417222	1799.9497221799109	4564.9928656790435
711AS	2010	2019.3815716748716	4688.410270877193	1836.798211168047	4681.881091390722
711AS	2011	2005.0769752372219	4796.5043266158145	1872.116324244064	4733.6293631669505
711AS	2012	2161.5855566877744	4998.990848317022	1955.40652225817	4989.568743049803
711AS	2013	2537.880074526675	5447.560627650244	2048.6953636770936	5341.663335930469
711AS	2014	2690.645860813545	5873.911969111451	2212.002836717065	5738.25967746338
711AS	2015	2973.7126802536945	6394.035212952381	2413.328765713522	6289.1162145545
711AS	2016	3100.6206681613357	6846.540698769368	2611.3744714230534	6751.549825901942
711AS	2017	3178.353651003671	7212.9885083493045	2811.9058414237343	7212.9885083493045
711AS	2018	3331.849291641393	7585.200081934031	3010.0792949556635	7714.4758547398915
711AS	2019	3139.1328017818264	7672.744056107543	3227.313523272706	8114.5763901271275
711AS	2020	2706.58027993796	7370.646270686661	3077.9913378386987	7540.4496202689725
711AS	2021	3460.4230333983814	7797.450041623093	3166.009433919693	8137.73854147455
711AS	2022	4666.538605852884	9087.0821992928	3592.087361124337	9666.123008867844
711AS	2023	4519.167117102079	9824.0273971136	3994.570434151372	10375.586156049825
713	1997	335.56852424527693	1006.7055727358309	0.0	865.4533651398358
713	1998	369.27732922703194	978.8681561797472	354.83024027794426	874.6389469188423
713	1999	395.6105963331886	982.254267730822	362.2142673629358	907.099183641942
713	2000	388.8007938797876	978.8368400537045	394.90809014909854	985.5497930177221
713	2001	418.93333206030167	1001.6690034193878	421.07642096614785	1064.8269489902527
713	2002	463.9273438031784	1054.3854554489071	427.8004288304441	1096.9226715957325
713	2003	495.0969857026509	1115.504458384814	457.37544679115825	1175.6457016518957
713	2004	516.3654069112473	1173.9741446825822	481.331071065612	1234.058775885334
713	2005	553.1563615748561	1243.6130644341015	506.1622425447763	1301.855782447526
713	2006	575.4932517361805	1308.6530860695514	534.5759220298024	1370.4966270165946
713	2007	588.4175887004603	1362.7833812967513	556.9073218100605	1420.4793045919876
713	2008	593.3558755336912	1402.9854838092438	585.3205810818249	1484.5714133836714
713	2009	591.4398104113546	1428.1901645489584	573.3444135662083	1446.1216011609824
713	2010	606.2122523119949	1457.3036532926349	576.2950836019634	1455.27418134609
713	2011	649.5336109550454	1512.8137779909612	586.2367310610848	1492.9830628452855
713	2012	642.7379605779098	1544.157485808899	610.2418959775592	1541.247055519683
713	2013	705.3528321210159	1617.2323506401128	619.9868651017472	1585.7943295293196
713	2014	815.3461703329111	1757.6100423708347	659.380737179764	1717.0197455933137
713	2015	831.2365062927925	1864.4371168245502	712.5226796572041	1833.8437796973467
713	2016	856.7885310394802	1956.9485204159337	753.6733269825635	1929.7972543547621
713	2017	830.061649772571	1996.3503884210986	790.6597817674065	1996.3503884210986
713	2018	812.8241732527606	2008.2537366580332	814.5710461690999	2042.4807248709174
713	2019	827.4656345843999	2028.3905199256887	853.8186062323522	2145.1946920925657
713	2020	696.5977724080907	1932.7584902905348	810.4810203334071	1977.2849610411665
713	2021	974.3395289951317	2100.4552676896333	841.8454461168603	2192.121231335668
713	2022	1104.8558053310808	2321.016682902323	940.6427897836516	2468.9149135587527
713	2023	1255.594231921279	2593.672981869281	1038.123856659187	2739.291778839102
721	1997	552.3937877512714	1657.1813632538142	0.0	1424.6600260465484
721	1998	600.5734998859266	1605.2654920741484	583.0127507792301	1434.3379245192978
721	1999	666.5575571734641	1625.641625693986	596.7402342208119	1501.2591342239707
721	2000	728.0212090765409	1690.4454246931082	667.765815998188	1702.038654698204
721	2001	733.3098558507955	1738.0551630044017	728.9353684593741	1847.6442518246258
721	2002	709.350533256843	1749.8288863836372	725.7192462014693	1820.4224716568422
721	2003	735.5180903408095	1779.4843328730994	743.91848186967	1875.4233489378503
721	2004	817.8564133873546	1867.8698997381953	766.8055586920059	1963.468490702765
721	2005	869.0092687824936	1969.4209904775416	803.4009093710814	2061.655813895305
721	2006	865.1370150230005	2033.894839504195	838.5004246389734	2130.0114193127056
721	2007	943.4223086374699	2142.1151502006883	870.5617998512244	2232.805507224223
721	2008	955.7671391504754	2224.5493827591886	924.1186615655675	2353.910613770545
721	2009	924.7675830758258	2253.6725744026476	906.8895260303614	2281.9682369238362
721	2010	932.7405246595656	2279.7321534847365	905.4182824809019	2276.557350182295
721	2011	1011.0614032671805	2362.372605045808	916.2507482769654	2331.405450409746
721	2012	1033.731949301504	2436.3583611151257	957.9372622025388	2431.766309310345
721	2013	1080.449374587199	2524.6133862327497	972.9066899738397	2475.5364252743807
721	2014	1164.1643139576202	2653.21251911985	1011.6498090489648	2591.939153032547
721	2015	1200.6490964217876	2769.3492597647232	1066.716715570282	2723.9073219474517
721	2016	1225.8329750050239	2867.7603190140026	1111.779740155043	2827.9721883560383
721	2017	1265.43812527403	2966.371983737694	1166.826460550339	2966.371983737694
721	2018	1329.541155293053	3085.532285236007	1231.0095674177874	3138.1195032899323
721	2019	1384.9852463573761	3211.1758954551515	1331.8603921861522	3396.0903576685764
721	2020	987.71508710695	2963.8798362258926	1263.4630651663658	3032.1610568228134
721	2021	1419.7577544738783	3159.051352878828	1278.0284030906669	3296.91550591431
721	2022	1601.7251717785605	3440.8052117346856	1404.0816181766902	3660.0578377919187
721	2023	1509.576275200152	3551.8503704899176	1477.0500431273413	3751.264938780941
722	1997	433.45003216953205	1300.3500965085962	0.0	1117.8962323859
722	1998	470.37750156513266	1258.8813156433414	457.3452416681046	1124.8364973963999
722	1999	510.57791451888	1264.7358058612942	466.1055911785581	1167.9672511577264
722	2000	457.5427622966583	1224.4428391547447	501.24993216338163	1232.8401806217078
722	2001	642.003886359811	1351.2984647363392	547.6297548686692	1436.5014954725093
722	2002	504.6905372554741	1321.441090870455	556.1132503610986	1374.7521689180192
722	2003	531.7004801025771	1324.0444606657843	557.6228215078758	1395.428917632126
722	2004	564.4146571065443	1353.04185469931	562.8202079649843	1422.2912680784066
722	2005	522.0955225362693	1337.1075052464312	563.2276790991292	1399.7288925644705
722	2006	542.5368958388689	1343.519083363345	561.4612057370637	1407.0103006535317
722	2007	558.2863322740384	1360.917999137262	563.7868730990525	1418.5349480720333
722	2008	557.7980342553388	1372.1103613042906	578.3916972344144	1451.9008513682168
722	2009	523.5841312708096	1351.0603502618687	551.4722181115749	1368.0233945616387
722	2010	526.0677422835489	1339.09668541087	537.2821331965646	1337.2318309924979
722	2011	534.5512111199367	1338.190466207194	528.438388107138	1320.648800251946
722	2012	582.0687118495481	1377.184237346086	542.0513522675831	1374.5885184799477
722	2013	649.9080780344423	1459.7128899260929	556.3499117619807	1431.3369520894366
722	2014	708.8001014370917	1563.8086778149718	590.7392547707492	1527.6940353143232
722	2015	604.3382984160409	1546.1543672233486	611.7864028523126	1520.783695624767
722	2016	608.9459583208823	1538.224543416301	608.3170702801144	1516.8827741237478
722	2017	585.3543919607944	1513.2783555781962	610.3005797988994	1513.2783555781962
722	2018	853.6917592344352	1720.2620364141603	657.7300271554826	1749.5807362221844
722	2019	742.6362437592521	1765.704894075484	737.341028035426	1867.382404602917
722	2020	540.2340692522989	1627.331653760572	694.2409175282695	1664.8217673193824
722	2021	864.7667799756448	1805.5267524867522	716.5343544574666	1884.3217414595188
722	2022	1169.282189333818	2178.0863261026834	847.4908269318161	2316.8768467484615
722	2023	1324.5365833410808	2555.8380368526896	999.94102415671	2699.3326341970183
81	1997	4241.278942546484	12723.836827639454	0.0	10938.538236204206
81	1998	4484.87782898671	12219.95607591523	4457.558991901784	10918.783542152929
81	1999	4597.991290261289	11978.296792494562	4469.355062860579	11061.803037001722
81	2000	4991.153413960106	12144.825706629797	4857.712217829636	12228.116036936864
81	2001	4943.07925302471	12215.783181940456	5179.322261108317	12986.021420996212
81	2002	5006.884607371533	12316.259294103249	5104.348401897284	12813.135821568781
81	2003	5302.342073236812	12629.457923766178	5258.127836490434	13310.361792518423
81	2004	5117.255162699944	12684.017918094074	5321.806643238334	13333.192810258193
81	2005	5565.908570699068	13094.269087645276	5397.114739267361	13707.519176337988
81	2006	5922.430464699162	13664.871445679488	5604.741582496912	14310.637726890893
81	2007	6391.315479167269	14436.01052975905	5858.1168268884885	15047.185399987993
81	2008	6551.237761390201	15083.371820997869	6247.196665170152	15960.494874182754
81	2009	6807.431437760872	15728.440745465972	6239.733171297768	15925.916925623234
81	2010	6656.500930046468	16032.71127201604	6343.384152838375	16010.383778579726
81	2011	6954.054788883034	16483.519838746557	6417.998437375621	16267.445665391011
81	2012	7209.905339844134	16997.26767570115	6683.536575427882	16965.23120070951
81	2013	7722.295995694677	17766.758446879667	6817.64688604918	17421.383382559263
81	2014	8212.18343081199	18687.99182359644	7122.572644230964	18256.41080391106
81	2015	8798.782905811462	19790.98030390718	7569.515007870382	19466.232353412342
81	2016	9129.181877242916	20801.638433640554	8005.885016345724	20513.030525089118
81	2017	9523.165895129809	21803.73053503521	8521.073793735151	21803.73053503521
81	2018	9791.866841780888	22695.70939150755	9051.570193392507	23082.515980558826
81	2019	9865.560163964827	23351.77306430906	9739.822186909276	24696.47690442823
81	2020	9975.425514867587	23880.703305262366	9664.121582438065	24430.861766636626
81	2021	11212.615789201325	25264.31536117602	10257.951263259745	26366.87529142716
81	2022	13066.189787212856	27731.36839679473	11274.527662652192	29498.447603842455
81	2023	13466.625318688168	29709.76669676996	12133.220358071969	31377.78749772679
GF	1997	13115.898954899598	39347.696864698795	0.0	33826.76880342623
GF	1998	13137.253635611472	37179.50927280876	13675.728353034687	33220.66064978568
GF	1999	13477.880240269988	36017.9063820975	13519.374395522802	33262.073323611105
GF	2000	13679.377291952	35411.41866469167	14383.838783876641	35654.27342675005
GF	2001	13465.588444024272	34828.93614648134	14933.839912037054	37024.99497022593
GF	2002	14702.404014141288	35471.29410943863	14627.272405476693	36902.31736259837
GF	2003	16580.516674176248	37464.626634772634	15373.636756792837	39484.49236226127
GF	2004	14717.849354275837	37241.292218411625	15705.88163102626	39147.32168131958
GF	2005	15626.008269417745	37849.201703455874	15721.448497890739	39621.81124326537
GF	2006	22334.697776913366	43845.04928306506	17110.98175910672	45917.05226806261
GF	2007	21576.915197163686	47210.795519679785	18982.172057508236	49209.550768968664
GF	2008	23495.798484085262	51053.69574985758	20795.746837431867	54022.55271525755
GF	2009	26924.84168802006	56473.16523992177	21775.379811758066	57182.205960069725
GF	2010	30294.885088714305	62894.51440054311	23840.2891361005	62806.92616711004
GF	2011	31758.519738973933	68395.10938284035	25913.722823998793	67498.55228423324
GF	2012	31520.685850952374	71863.97779768723	27998.945329546492	71728.52846715707
GF	2013	31625.379327607756	74263.80130479795	28657.428649100922	72820.15781580647
GF	2014	32354.25433907983	76471.07948576516	29450.761025231364	74705.05418072216
GF	2015	32497.106456341924	78061.64170412839	30399.4022599646	76780.73708159821
GF	2016	33120.865302667655	79641.81555497531	31103.08683604899	78536.84212252739
GF	2017	33241.647532476556	80795.91664704734	32087.546440404527	80795.91664704734
GF	2018	34337.23280126697	82478.30509908737	33211.38606117939	83883.99598610791
GF	2019	30794.697023903984	80647.78425264491	34503.92984798349	85291.85923928415
GF	2020	35642.315854929715	83467.11938087137	33579.14943511566	85390.01676739026
GF	2021	38433.84892103392	87672.9536881092	35721.7593231111	91499.08886420105
GF	2022	37980.36097891708	90098.93660783704	37819.94971396445	95840.15915332174
GF	2023	40808.74789481234	94073.24765090166	38902.46409300257	99354.88232332496
GSL	1997	48548.77720737336	145646.33162212008	0.0	125210.49970954424
GSL	1998	50446.03281111436	139135.91509067538	50891.76571810415	124320.81837091803
GSL	1999	53454.23584867985	137302.47326768347	51057.45928423477	126797.06823861437
GSL	2000	53333.514474811476	135979.5775741319	55031.24884997844	136912.1380080772
GSL	2001	55403.42292898858	136822.57082357843	58000.61265042386	145449.60475538843
GSL	2002	60000.16571223723	141215.18530925	57850.93424526734	146912.24877846875
GSL	2003	63820.493082339104	147327.20110811593	60819.768811526366	155270.19136252595
GSL	2004	65639.79786750529	152917.9656283317	63122.37532768652	160744.38975416936
GSL	2005	69977.15330725399	160259.60484159947	65568.95270872283	167765.11860683118
GSL	2006	75756.37617383219	169970.05003925983	69167.08988389892	178002.39249981573
GSL	2007	77881.97568080963	178215.0130935146	72585.22273401011	185760.07114648182
GSL	2008	77546.2469267612	183431.8811679774	76535.452027898	194098.74886645327
GSL	2009	67517.02419585572	178552.1076085314	73305.76535785677	180793.89296667158
GSL	2010	70899.09094850994	178117.31419611257	71234.54328206614	177869.26425021543
GSL	2011	74202.82018430321	180580.55961766109	70799.17674913973	178213.41986079013
GSL	2012	72392.5927386147	180714.20036061967	72122.7582171796	180373.58997129434
GSL	2013	78652.1555386633	186019.59652263258	71920.94262942874	182403.4878044357
GSL	2014	82485.12310950035	192750.66693967202	74004.5864247675	188299.27750371222
GSL	2015	85229.77926373508	199525.2606795606	77167.82328542664	196251.27331346515
GSL	2016	87285.89994854678	205755.09041016272	79931.47500994569	202900.3851663174
GSL	2017	88660.49499318138	211053.80610109298	83361.77930225113	211053.80610109298
GSL	2018	91468.4113632392	216926.21353676135	87054.83025216384	220623.32153574558
GSL	2019	89000.8906978181	218784.88460602268	92160.27444813398	231383.5371228804
GSL	2020	97110.04813010726	226781.62984577118	91166.2758275224	232006.17582957406
GSL	2021	99448.32222648343	234061.35508591702	96190.9265215668	244276.02616046317
GSL	2022	100300.03098832363	239624.26254754773	100773.89743284034	254893.4351968447
GSL	2023	104837.73072071234	247114.28396562542	102813.18487164832	260988.2322222783
